GID_1,bws_score,share_arid_low_use,share_no_data,share_cat0,share_cat1,share_cat2,share_cat3,share_cat4,fill_method,bws_category
AFG.10_1,4.654,0.000,0.000,0.006,0.000,0.115,0.000,0.879,area_weighted,Extremely High (>80%)
AFG.11_1,2.665,0.310,0.000,0.059,0.079,0.378,0.000,0.173,area_weighted,Medium - High (20-40%)
AFG.12_1,4.848,0.105,0.000,0.024,0.000,0.000,0.000,0.871,area_weighted,Extremely High (>80%)
AFG.13_1,2.459,0.000,0.000,0.557,0.000,0.000,0.015,0.428,area_weighted,Medium - High (20-40%)
AFG.14_1,2.267,0.000,0.000,0.000,0.000,1.000,0.000,0.000,area_weighted,Medium - High (20-40%)
AFG.15_1,3.834,0.168,0.000,0.091,0.064,0.048,0.129,0.500,area_weighted,High (40-80%)
AFG.16_1,2.267,0.000,0.000,0.000,0.000,1.000,0.000,0.000,area_weighted,Medium - High (20-40%)
AFG.17_1,2.281,0.000,0.000,0.000,0.000,1.000,0.000,0.000,area_weighted,Medium - High (20-40%)
AFG.18_1,0.327,0.000,0.000,0.972,0.000,0.000,0.027,0.000,area_weighted,Low (<10%)
AFG.19_1,0.544,0.141,0.003,0.649,0.200,0.007,0.000,0.000,area_weighted,Low (<10%)
AFG.1_1,1.042,0.001,0.000,0.464,0.491,0.002,0.032,0.010,area_weighted,Low - Medium (10-20%)
AFG.20_1,2.225,0.000,0.000,0.019,0.000,0.981,0.000,0.000,area_weighted,Medium - High (20-40%)
AFG.21_1,2.320,0.000,0.000,0.000,0.000,0.978,0.000,0.022,area_weighted,Medium - High (20-40%)
AFG.22_1,0.779,0.000,0.000,0.657,0.000,0.343,0.000,0.000,area_weighted,Low (<10%)
AFG.23_1,2.955,0.639,0.001,0.020,0.134,0.054,0.000,0.153,area_weighted,Arid and Low Water Use
AFG.24_1,1.143,0.000,0.000,0.608,0.003,0.389,0.000,0.000,area_weighted,Low - Medium (10-20%)
AFG.25_1,3.117,0.000,0.000,0.001,0.000,0.598,0.073,0.328,area_weighted,High (40-80%)
AFG.26_1,3.304,0.000,0.000,0.000,0.000,0.569,0.000,0.431,area_weighted,High (40-80%)
AFG.27_1,2.252,0.000,0.000,0.000,0.017,0.983,0.000,0.000,area_weighted,Medium - High (20-40%)
AFG.28_1,2.226,0.000,0.000,0.016,0.004,0.980,0.000,0.000,area_weighted,Medium - High (20-40%)
AFG.29_1,3.410,0.015,0.000,0.353,0.000,0.000,0.000,0.631,area_weighted,High (40-80%)
AFG.2_1,4.999,0.000,0.000,0.000,0.000,0.000,0.000,1.000,area_weighted,Extremely High (>80%)
AFG.30_1,3.184,0.000,0.000,0.381,0.000,0.000,0.000,0.619,area_weighted,High (40-80%)
AFG.31_1,1.281,0.000,0.000,0.232,0.752,0.000,0.000,0.016,area_weighted,Low - Medium (10-20%)
AFG.32_1,3.637,0.000,0.000,0.122,0.153,0.095,0.000,0.630,area_weighted,High (40-80%)
AFG.33_1,2.458,0.000,0.000,0.000,0.000,0.992,0.000,0.008,area_weighted,Medium - High (20-40%)
AFG.34_1,4.300,0.000,0.000,0.105,0.000,0.000,0.215,0.680,area_weighted,Extremely High (>80%)
AFG.3_1,1.208,0.034,0.000,0.462,0.325,0.098,0.000,0.082,area_weighted,Low - Medium (10-20%)
AFG.4_1,2.594,0.037,0.000,0.515,0.000,0.000,0.000,0.447,area_weighted,Medium - High (20-40%)
AFG.5_1,1.778,0.000,0.000,0.448,0.000,0.509,0.040,0.003,area_weighted,Low - Medium (10-20%)
AFG.6_1,2.629,0.000,0.000,0.000,0.133,0.624,0.233,0.010,area_weighted,Medium - High (20-40%)
AFG.7_1,4.362,0.196,0.000,0.002,0.134,0.000,0.000,0.667,area_weighted,Extremely High (>80%)
AFG.8_1,4.886,0.014,0.000,0.021,0.000,0.000,0.003,0.962,area_weighted,Extremely High (>80%)
AFG.9_1,3.661,0.000,0.000,0.089,0.069,0.240,0.000,0.602,area_weighted,High (40-80%)
AGO.10_1,0.062,0.031,0.000,0.943,0.000,0.027,0.000,0.000,area_weighted,Low (<10%)
AGO.11_1,3.080,0.000,0.000,0.267,0.152,0.000,0.000,0.582,area_weighted,High (40-80%)
AGO.12_1,0.000,0.000,0.000,1.000,0.000,0.000,0.000,0.000,area_weighted,Low (<10%)
AGO.13_1,0.000,0.000,0.000,1.000,0.000,0.000,0.000,0.000,area_weighted,Low (<10%)
AGO.14_1,0.000,0.000,0.000,1.000,0.000,0.000,0.000,0.000,area_weighted,Low (<10%)
AGO.15_1,2.734,0.000,0.000,0.263,0.000,0.215,0.255,0.267,area_weighted,Medium - High (20-40%)
AGO.16_1,0.441,0.254,0.000,0.600,0.000,0.146,0.000,0.000,area_weighted,Low (<10%)
AGO.17_1,0.000,0.000,0.000,1.000,0.000,0.000,0.000,0.000,area_weighted,Low (<10%)
AGO.18_1,0.000,0.000,0.000,1.000,0.000,0.000,0.000,0.000,area_weighted,Low (<10%)
AGO.1_1,0.133,0.000,0.000,0.900,0.095,0.000,0.000,0.005,area_weighted,Low (<10%)
AGO.2_1,0.521,0.000,0.000,0.618,0.382,0.000,0.000,0.000,area_weighted,Low (<10%)
AGO.3_1,0.021,0.000,0.000,0.995,0.000,0.000,0.003,0.002,area_weighted,Low (<10%)
AGO.4_1,0.000,0.000,0.000,1.000,0.000,0.000,0.000,0.000,area_weighted,Low (<10%)
AGO.5_1,3.246,0.189,0.000,0.127,0.039,0.046,0.382,0.218,area_weighted,High (40-80%)
AGO.6_1,0.349,0.000,0.000,0.692,0.308,0.000,0.000,0.000,area_weighted,Low (<10%)
AGO.7_1,0.266,0.000,0.000,0.815,0.185,0.000,0.000,0.000,area_weighted,Low (<10%)
AGO.8_1,0.281,0.624,0.000,0.349,0.000,0.005,0.000,0.022,area_weighted,Arid and Low Water Use
AGO.9_1,0.007,0.000,0.000,0.995,0.005,0.000,0.000,0.000,area_weighted,Low (<10%)
AIA.10_1,0.533,0.000,0.000,1.000,0.000,0.000,0.000,0.000,area_weighted,Low (<10%)
AIA.11_1,0.533,0.000,0.000,1.000,0.000,0.000,0.000,0.000,area_weighted,Low (<10%)
AIA.12_1,0.533,0.000,0.000,1.000,0.000,0.000,0.000,0.000,area_weighted,Low (<10%)
AIA.13_1,0.533,0.000,0.000,1.000,0.000,0.000,0.000,0.000,area_weighted,Low (<10%)
AIA.14_1,0.533,0.000,0.000,1.000,0.000,0.000,0.000,0.000,area_weighted,Low (<10%)
AIA.15_1,0.533,0.000,0.000,1.000,0.000,0.000,0.000,0.000,area_weighted,Low (<10%)
AIA.16_1,0.533,0.000,0.000,1.000,0.000,0.000,0.000,0.000,area_weighted,Low (<10%)
AIA.17_1,0.533,0.000,0.000,1.000,0.000,0.000,0.000,0.000,area_weighted,Low (<10%)
AIA.18_1,0.533,0.000,0.000,1.000,0.000,0.000,0.000,0.000,area_weighted,Low (<10%)
AIA.1_1,0.533,0.000,0.000,1.000,0.000,0.000,0.000,0.000,area_weighted,Low (<10%)
AIA.2_1,0.533,0.000,0.000,1.000,0.000,0.000,0.000,0.000,area_weighted,Low (<10%)
AIA.3_1,0.533,0.000,0.000,1.000,0.000,0.000,0.000,0.000,area_weighted,Low (<10%)
AIA.4_1,0.533,0.000,0.000,1.000,0.000,0.000,0.000,0.000,area_weighted,Low (<10%)
AIA.5_1,0.533,0.000,0.000,1.000,0.000,0.000,0.000,0.000,area_weighted,Low (<10%)
AIA.6_1,0.533,0.000,0.000,1.000,0.000,0.000,0.000,0.000,area_weighted,Low (<10%)
AIA.7_1,0.533,0.000,0.000,1.000,0.000,0.000,0.000,0.000,area_weighted,Low (<10%)
AIA.8_1,0.533,0.000,0.000,1.000,0.000,0.000,0.000,0.000,area_weighted,Low (<10%)
AIA.9_1,0.533,0.000,0.000,1.000,0.000,0.000,0.000,0.000,area_weighted,Low (<10%)
ARE.1_1,4.941,0.341,0.000,0.008,0.000,0.000,0.000,0.652,area_weighted,Extremely High (>80%)
ARE.2_1,5.000,0.000,0.000,0.000,0.000,0.000,0.000,1.000,area_weighted,Extremely High (>80%)
ARE.3_1,5.000,0.000,0.000,0.000,0.000,0.000,0.000,1.000,area_weighted,Extremely High (>80%)
ARE.4_1,5.000,0.000,0.000,0.000,0.000,0.000,0.000,1.000,area_weighted,Extremely High (>80%)
ARE.5_1,5.000,0.000,0.000,0.000,0.000,0.000,0.000,1.000,area_weighted,Extremely High (>80%)
ARE.6_1,5.000,0.000,0.000,0.000,0.000,0.000,0.000,1.000,area_weighted,Extremely High (>80%)
ARE.7_1,5.000,0.000,0.000,0.000,0.000,0.000,0.000,1.000,area_weighted,Extremely High (>80%)
ARG.10_1,1.631,0.432,0.000,0.216,0.156,0.149,0.047,0.000,area_weighted,Low - Medium (10-20%)
ARG.11_1,0.398,0.533,0.000,0.393,0.060,0.003,0.010,0.000,area_weighted,Arid and Low Water Use
ARG.12_1,3.482,0.563,0.000,0.103,0.050,0.000,0.006,0.278,area_weighted,Arid and Low Water Use
ARG.13_1,2.708,0.254,0.000,0.209,0.114,0.096,0.022,0.306,area_weighted,Medium - High (20-40%)
ARG.14_1,0.000,0.000,0.000,1.000,0.000,0.000,0.000,0.000,area_weighted,Low (<10%)
ARG.15_1,0.379,0.137,0.000,0.770,0.010,0.023,0.058,0.002,area_weighted,Low (<10%)
ARG.16_1,1.128,0.552,0.000,0.214,0.127,0.000,0.101,0.005,area_weighted,Arid and Low Water Use
ARG.17_1,0.478,0.031,0.000,0.874,0.012,0.012,0.071,0.000,area_weighted,Low (<10%)
ARG.18_1,2.792,0.514,0.001,0.150,0.000,0.067,0.111,0.158,area_weighted,Arid and Low Water Use
ARG.19_1,1.627,0.672,0.000,0.120,0.000,0.186,0.022,0.000,area_weighted,Arid and Low Water Use
ARG.1_1,1.108,0.131,0.000,0.410,0.361,0.057,0.041,0.000,area_weighted,Low - Medium (10-20%)
ARG.20_1,0.038,0.461,0.000,0.527,0.012,0.000,0.000,0.000,area_weighted,Low (<10%)
ARG.21_1,0.213,0.000,0.000,0.865,0.134,0.000,0.001,0.000,area_weighted,Low (<10%)
ARG.22_1,0.918,0.151,0.000,0.601,0.080,0.092,0.000,0.076,area_weighted,Low (<10%)
ARG.23_1,0.000,0.000,0.000,1.000,0.000,0.000,0.000,0.000,area_weighted,Low (<10%)
ARG.24_1,1.332,0.000,0.000,0.620,0.000,0.145,0.000,0.235,area_weighted,Low - Medium (10-20%)
ARG.2_1,1.915,0.234,0.000,0.341,0.001,0.083,0.225,0.116,area_weighted,Low - Medium (10-20%)
ARG.3_1,0.069,0.000,0.000,0.999,0.001,0.000,0.000,0.000,area_weighted,Low (<10%)
ARG.4_1,0.031,0.402,0.000,0.593,0.000,0.000,0.003,0.001,area_weighted,Low (<10%)
ARG.5_1,0.000,0.000,0.000,1.000,0.000,0.000,0.000,0.000,area_weighted,Low (<10%)
ARG.6_1,0.980,0.296,0.000,0.367,0.243,0.094,0.000,0.000,area_weighted,Low (<10%)
ARG.7_1,0.383,0.000,0.001,0.835,0.000,0.164,0.000,0.000,area_weighted,Low (<10%)
ARG.8_1,0.299,0.000,0.000,0.859,0.000,0.141,0.000,0.000,area_weighted,Low (<10%)
ARG.9_1,0.000,0.000,0.000,1.000,0.000,0.000,0.000,0.000,area_weighted,Low (<10%)
ARM.10_1,0.106,0.000,0.000,0.949,0.044,0.000,0.006,0.000,area_weighted,Low (<10%)
ARM.11_1,3.630,0.000,0.000,0.000,0.015,0.000,0.985,0.000,area_weighted,High (40-80%)
ARM.1_1,2.526,0.000,0.000,0.000,0.019,0.918,0.063,0.000,area_weighted,Medium - High (20-40%)
ARM.2_1,3.656,0.000,0.000,0.000,0.000,0.013,0.987,0.000,area_weighted,High (40-80%)
ARM.3_1,2.627,0.000,0.000,0.000,0.000,0.876,0.124,0.000,area_weighted,Medium - High (20-40%)
ARM.4_1,3.755,0.000,0.000,0.000,0.000,0.000,1.000,0.000,area_weighted,High (40-80%)
ARM.5_1,3.383,0.000,0.000,0.100,0.000,0.000,0.900,0.000,area_weighted,High (40-80%)
ARM.6_1,3.632,0.000,0.000,0.015,0.009,0.034,0.942,0.000,area_weighted,High (40-80%)
ARM.7_1,1.737,0.000,0.000,0.068,0.929,0.002,0.001,0.000,area_weighted,Low - Medium (10-20%)
ARM.8_1,2.190,0.000,0.000,0.000,0.139,0.861,0.000,0.000,area_weighted,Medium - High (20-40%)
ARM.9_1,1.540,0.000,0.000,0.000,0.999,0.000,0.001,0.000,area_weighted,Low - Medium (10-20%)
ATF.2_1,0.000,0.105,0.142,0.754,0.000,0.000,0.000,0.000,area_weighted,Low (<10%)
ATG.1_1,0.533,0.000,0.000,1.000,0.000,0.000,0.000,0.000,area_weighted,Low (<10%)
ATG.2_1,0.533,0.000,0.000,1.000,0.000,0.000,0.000,0.000,area_weighted,Low (<10%)
ATG.3_1,0.533,0.000,0.000,1.000,0.000,0.000,0.000,0.000,area_weighted,Low (<10%)
ATG.4_1,0.533,0.000,0.000,1.000,0.000,0.000,0.000,0.000,area_weighted,Low (<10%)
ATG.5_1,0.533,0.000,0.000,1.000,0.000,0.000,0.000,0.000,area_weighted,Low (<10%)
ATG.6_1,0.533,0.000,0.000,1.000,0.000,0.000,0.000,0.000,area_weighted,Low (<10%)
ATG.7_1,0.533,0.000,0.000,1.000,0.000,0.000,0.000,0.000,area_weighted,Low (<10%)
ATG.8_1,0.533,0.000,0.000,1.000,0.000,0.000,0.000,0.000,area_weighted,Low (<10%)
AZE.10_1,1.538,0.000,0.000,0.187,0.256,0.557,0.000,0.000,area_weighted,Low - Medium (10-20%)
AZE.1_1,4.227,0.000,0.000,0.000,0.009,0.175,0.209,0.606,area_weighted,Extremely High (>80%)
AZE.2_1,2.263,0.000,0.000,0.057,0.339,0.436,0.000,0.168,area_weighted,Medium - High (20-40%)
AZE.3_1,4.318,0.000,0.000,0.000,0.000,0.172,0.082,0.746,area_weighted,Extremely High (>80%)
AZE.4_1,0.466,0.000,0.000,0.768,0.005,0.227,0.001,0.000,area_weighted,Low (<10%)
AZE.5_1,1.805,0.000,0.000,0.001,0.538,0.427,0.033,0.000,area_weighted,Low - Medium (10-20%)
AZE.6_1,1.624,0.000,0.000,0.000,0.997,0.000,0.000,0.003,area_weighted,Low - Medium (10-20%)
AZE.7_1,2.891,0.000,0.000,0.000,0.362,0.000,0.638,0.000,area_weighted,Medium - High (20-40%)
AZE.8_1,2.611,0.000,0.000,0.066,0.000,0.920,0.008,0.006,area_weighted,Medium - High (20-40%)
AZE.9_1,2.085,0.000,0.000,0.001,0.000,0.999,0.000,0.000,area_weighted,Medium - High (20-40%)
BDI.10_1,0.000,0.000,0.000,1.000,0.000,0.000,0.000,0.000,area_weighted,Low (<10%)
BDI.11_1,0.000,0.000,0.000,1.000,0.000,0.000,0.000,0.000,area_weighted,Low (<10%)
BDI.12_1,0.000,0.000,0.000,1.000,0.000,0.000,0.000,0.000,area_weighted,Low (<10%)
BDI.13_1,0.000,0.000,0.000,1.000,0.000,0.000,0.000,0.000,area_weighted,Low (<10%)
BDI.14_1,0.000,0.000,0.000,1.000,0.000,0.000,0.000,0.000,area_weighted,Low (<10%)
BDI.15_1,0.000,0.000,0.000,1.000,0.000,0.000,0.000,0.000,area_weighted,Low (<10%)
BDI.16_1,0.000,0.000,0.000,1.000,0.000,0.000,0.000,0.000,area_weighted,Low (<10%)
BDI.17_1,0.000,0.000,0.000,1.000,0.000,0.000,0.000,0.000,area_weighted,Low (<10%)
BDI.1_1,0.000,0.000,0.000,1.000,0.000,0.000,0.000,0.000,area_weighted,Low (<10%)
BDI.2_1,0.000,0.000,0.000,1.000,0.000,0.000,0.000,0.000,area_weighted,Low (<10%)
BDI.3_1,0.000,0.000,0.000,1.000,0.000,0.000,0.000,0.000,area_weighted,Low (<10%)
BDI.4_1,0.000,0.000,0.000,1.000,0.000,0.000,0.000,0.000,area_weighted,Low (<10%)
BDI.5_1,0.000,0.000,0.000,1.000,0.000,0.000,0.000,0.000,area_weighted,Low (<10%)
BDI.6_1,0.000,0.000,0.000,1.000,0.000,0.000,0.000,0.000,area_weighted,Low (<10%)
BDI.7_1,0.000,0.000,0.000,1.000,0.000,0.000,0.000,0.000,area_weighted,Low (<10%)
BDI.8_1,0.000,0.000,0.000,1.000,0.000,0.000,0.000,0.000,area_weighted,Low (<10%)
BDI.9_1,0.000,0.000,0.000,1.000,0.000,0.000,0.000,0.000,area_weighted,Low (<10%)
BEN.10_1,0.085,0.000,0.000,0.974,0.000,0.000,0.026,0.000,area_weighted,Low (<10%)
BEN.11_1,0.012,0.000,0.000,1.000,0.000,0.000,0.000,0.000,area_weighted,Low (<10%)
BEN.12_1,0.000,0.000,0.000,1.000,0.000,0.000,0.000,0.000,area_weighted,Low (<10%)
BEN.1_1,0.000,0.000,0.000,1.000,0.000,0.000,0.000,0.000,area_weighted,Low (<10%)
BEN.2_1,0.000,0.000,0.000,1.000,0.000,0.000,0.000,0.000,area_weighted,Low (<10%)
BEN.3_1,0.000,0.000,0.000,1.000,0.000,0.000,0.000,0.000,area_weighted,Low (<10%)
BEN.4_1,0.000,0.000,0.000,1.000,0.000,0.000,0.000,0.000,area_weighted,Low (<10%)
BEN.5_1,0.000,0.000,0.000,1.000,0.000,0.000,0.000,0.000,area_weighted,Low (<10%)
BEN.6_1,0.000,0.000,0.000,1.000,0.000,0.000,0.000,0.000,area_weighted,Low (<10%)
BEN.7_1,0.000,0.000,0.000,1.000,0.000,0.000,0.000,0.000,area_weighted,Low (<10%)
BEN.8_1,0.231,0.000,0.000,0.924,0.000,0.000,0.076,0.000,area_weighted,Low (<10%)
BEN.9_1,0.000,0.000,0.000,1.000,0.000,0.000,0.000,0.000,area_weighted,Low (<10%)
BES.1_1,1.076,0.000,0.000,0.000,1.000,0.000,0.000,0.000,area_weighted,Low - Medium (10-20%)
BES.2_1,0.533,0.000,0.000,1.000,0.000,0.000,0.000,0.000,area_weighted,Low (<10%)
BES.3_1,0.533,0.000,0.000,1.000,0.000,0.000,0.000,0.000,area_weighted,Low (<10%)
BFA.10_1,0.000,0.862,0.000,0.138,0.000,0.000,0.000,0.000,area_weighted,Arid and Low Water Use
BFA.11_1,0.110,0.714,0.000,0.286,0.000,0.000,0.000,0.000,area_weighted,Arid and Low Water Use
BFA.12_1,3.819,0.592,0.000,0.053,0.000,0.000,0.134,0.220,area_weighted,Arid and Low Water Use
BFA.13_1,0.000,0.000,0.000,1.000,0.000,0.000,0.000,0.000,area_weighted,Low (<10%)
BFA.1_1,0.000,0.145,0.000,0.855,0.000,0.000,0.000,0.000,area_weighted,Low (<10%)
BFA.2_1,0.306,0.000,0.000,1.000,0.000,0.000,0.000,0.000,area_weighted,Low (<10%)
BFA.3_1,0.097,0.479,0.000,0.521,0.000,0.000,0.000,0.000,area_weighted,Low (<10%)
BFA.4_1,3.528,0.996,0.000,0.001,0.000,0.000,0.000,0.002,area_weighted,Arid and Low Water Use
BFA.5_1,0.000,0.000,0.000,1.000,0.000,0.000,0.000,0.000,area_weighted,Low (<10%)
BFA.6_1,0.051,0.035,0.000,0.965,0.000,0.000,0.000,0.000,area_weighted,Low (<10%)
BFA.7_1,0.023,0.770,0.000,0.230,0.000,0.000,0.000,0.000,area_weighted,Arid and Low Water Use
BFA.8_1,0.000,0.426,0.000,0.574,0.000,0.000,0.000,0.000,area_weighted,Low (<10%)
BFA.9_1,0.026,0.000,0.000,1.000,0.000,0.000,0.000,0.000,area_weighted,Low (<10%)
BGD.1_1,0.375,0.000,0.000,1.000,0.000,0.000,0.000,0.000,area_weighted,Low (<10%)
BGD.2_1,2.640,0.000,0.000,0.234,0.074,0.007,0.427,0.259,area_weighted,Medium - High (20-40%)
BGD.3_1,2.530,0.000,0.000,0.444,0.067,0.022,0.078,0.389,area_weighted,Medium - High (20-40%)
BGD.4_1,0.375,0.000,0.000,1.000,0.000,0.000,0.000,0.000,area_weighted,Low (<10%)
BGD.5_1,4.101,0.000,0.000,0.198,0.000,0.000,0.000,0.802,area_weighted,Extremely High (>80%)
BGD.6_1,2.308,0.000,0.000,0.610,0.000,0.008,0.000,0.382,area_weighted,Medium - High (20-40%)
BGD.7_1,2.761,0.000,0.000,0.000,0.022,0.549,0.429,0.000,area_weighted,Medium - High (20-40%)
BGD.8_1,3.547,0.000,0.000,0.100,0.000,0.000,0.540,0.359,area_weighted,High (40-80%)
BHR.1_1,5.000,0.000,0.000,0.000,0.000,0.000,0.000,1.000,area_weighted,Extremely High (>80%)
BHR.3_1,5.000,0.000,0.000,0.000,0.000,0.000,0.000,1.000,area_weighted,Extremely High (>80%)
BHR.4_1,5.000,0.000,0.000,0.000,0.000,0.000,0.000,1.000,area_weighted,Extremely High (>80%)
BHR.5_1,5.000,0.000,0.000,0.000,0.000,0.000,0.000,1.000,area_weighted,Extremely High (>80%)
BHS.10_1,0.000,0.000,0.000,1.000,0.000,0.000,0.000,0.000,area_weighted,Low (<10%)
BHS.11_1,0.000,0.000,0.000,1.000,0.000,0.000,0.000,0.000,area_weighted,Low (<10%)
BHS.12_1,0.000,0.000,0.000,1.000,0.000,0.000,0.000,0.000,area_weighted,Low (<10%)
BHS.13_1,0.000,0.000,0.000,1.000,0.000,0.000,0.000,0.000,area_weighted,Low (<10%)
BHS.14_1,0.000,0.000,0.000,1.000,0.000,0.000,0.000,0.000,area_weighted,Low (<10%)
BHS.15_1,0.000,0.000,0.000,1.000,0.000,0.000,0.000,0.000,area_weighted,Low (<10%)
BHS.16_1,0.000,0.000,0.000,1.000,0.000,0.000,0.000,0.000,area_weighted,Low (<10%)
BHS.17_1,0.000,0.000,0.000,1.000,0.000,0.000,0.000,0.000,area_weighted,Low (<10%)
BHS.18_1,0.000,0.000,0.000,1.000,0.000,0.000,0.000,0.000,area_weighted,Low (<10%)
BHS.19_1,0.000,0.000,0.000,1.000,0.000,0.000,0.000,0.000,area_weighted,Low (<10%)
BHS.1_1,0.000,0.000,0.000,1.000,0.000,0.000,0.000,0.000,area_weighted,Low (<10%)
BHS.20_1,0.000,0.000,0.000,1.000,0.000,0.000,0.000,0.000,area_weighted,Low (<10%)
BHS.21_1,0.000,0.000,0.000,1.000,0.000,0.000,0.000,0.000,area_weighted,Low (<10%)
BHS.22_1,0.000,0.000,0.000,1.000,0.000,0.000,0.000,0.000,area_weighted,Low (<10%)
BHS.23_1,0.000,0.000,0.000,1.000,0.000,0.000,0.000,0.000,area_weighted,Low (<10%)
BHS.24_1,0.000,0.000,0.000,1.000,0.000,0.000,0.000,0.000,area_weighted,Low (<10%)
BHS.25_1,0.000,0.000,0.000,1.000,0.000,0.000,0.000,0.000,area_weighted,Low (<10%)
BHS.26_1,0.000,0.000,0.000,1.000,0.000,0.000,0.000,0.000,area_weighted,Low (<10%)
BHS.27_1,0.000,0.000,0.000,1.000,0.000,0.000,0.000,0.000,area_weighted,Low (<10%)
BHS.28_1,0.000,0.000,0.000,1.000,0.000,0.000,0.000,0.000,area_weighted,Low (<10%)
BHS.29_1,0.000,0.000,0.000,1.000,0.000,0.000,0.000,0.000,area_weighted,Low (<10%)
BHS.2_1,0.000,0.000,0.000,1.000,0.000,0.000,0.000,0.000,area_weighted,Low (<10%)
BHS.30_1,0.000,0.000,0.000,1.000,0.000,0.000,0.000,0.000,area_weighted,Low (<10%)
BHS.31_1,0.000,0.000,0.000,1.000,0.000,0.000,0.000,0.000,area_weighted,Low (<10%)
BHS.32_1,0.000,0.000,0.000,1.000,0.000,0.000,0.000,0.000,area_weighted,Low (<10%)
BHS.3_1,0.002,0.000,0.000,0.998,0.002,0.000,0.000,0.000,area_weighted,Low (<10%)
BHS.4_1,0.000,0.000,0.000,1.000,0.000,0.000,0.000,0.000,area_weighted,Low (<10%)
BHS.5_1,0.000,0.000,0.000,1.000,0.000,0.000,0.000,0.000,area_weighted,Low (<10%)
BHS.6_1,0.000,0.000,0.000,1.000,0.000,0.000,0.000,0.000,area_weighted,Low (<10%)
BHS.7_1,0.000,0.000,0.000,1.000,0.000,0.000,0.000,0.000,area_weighted,Low (<10%)
BHS.8_1,0.000,0.000,0.000,1.000,0.000,0.000,0.000,0.000,area_weighted,Low (<10%)
BHS.9_1,0.000,0.000,0.000,1.000,0.000,0.000,0.000,0.000,area_weighted,Low (<10%)
BLM.1_1,0.533,0.000,0.000,1.000,0.000,0.000,0.000,0.000,area_weighted,Low (<10%)
BLM.2_1,0.533,0.000,0.000,1.000,0.000,0.000,0.000,0.000,area_weighted,Low (<10%)
BLZ.1_1,0.000,0.000,0.000,1.000,0.000,0.000,0.000,0.000,area_weighted,Low (<10%)
BLZ.2_1,0.000,0.000,0.000,1.000,0.000,0.000,0.000,0.000,area_weighted,Low (<10%)
BLZ.3_1,0.129,0.000,0.000,1.000,0.000,0.000,0.000,0.000,area_weighted,Low (<10%)
BLZ.4_1,0.178,0.000,0.000,1.000,0.000,0.000,0.000,0.000,area_weighted,Low (<10%)
BLZ.5_1,0.000,0.000,0.000,1.000,0.000,0.000,0.000,0.000,area_weighted,Low (<10%)
BLZ.6_1,0.000,0.000,0.000,1.000,0.000,0.000,0.000,0.000,area_weighted,Low (<10%)
BOL.1_1,0.000,0.000,0.000,1.000,0.000,0.000,0.000,0.000,area_weighted,Low (<10%)
BOL.2_1,0.000,0.000,0.000,1.000,0.000,0.000,0.000,0.000,area_weighted,Low (<10%)
BOL.3_1,0.000,0.000,0.000,1.000,0.000,0.000,0.000,0.000,area_weighted,Low (<10%)
BOL.4_1,0.000,0.000,0.000,1.000,0.000,0.000,0.000,0.000,area_weighted,Low (<10%)
BOL.5_1,0.000,0.296,0.000,0.704,0.000,0.000,0.000,0.000,area_weighted,Low (<10%)
BOL.6_1,0.000,0.000,0.000,1.000,0.000,0.000,0.000,0.000,area_weighted,Low (<10%)
BOL.7_1,0.000,0.591,0.000,0.409,0.000,0.000,0.000,0.000,area_weighted,Arid and Low Water Use
BOL.8_1,0.000,0.000,0.000,1.000,0.000,0.000,0.000,0.000,area_weighted,Low (<10%)
BOL.9_1,0.093,0.003,0.000,0.997,0.000,0.000,0.000,0.000,area_weighted,Low (<10%)
BRA.10_1,0.010,0.000,0.000,0.995,0.005,0.000,0.000,0.000,area_weighted,Low (<10%)
BRA.11_1,0.030,0.000,0.000,0.992,0.000,0.008,0.000,0.000,area_weighted,Low (<10%)
BRA.12_1,0.000,0.000,0.000,1.000,0.000,0.000,0.000,0.000,area_weighted,Low (<10%)
BRA.13_1,0.244,0.000,0.000,0.869,0.099,0.029,0.000,0.004,area_weighted,Low (<10%)
BRA.14_1,0.003,0.000,0.000,0.999,0.001,0.000,0.000,0.000,area_weighted,Low (<10%)
BRA.15_1,2.092,0.002,0.000,0.089,0.217,0.573,0.120,0.000,area_weighted,Medium - High (20-40%)
BRA.16_1,0.000,0.000,0.000,1.000,0.000,0.000,0.000,0.000,area_weighted,Low (<10%)
BRA.17_1,1.034,0.312,0.000,0.332,0.171,0.183,0.002,0.000,area_weighted,Low - Medium (10-20%)
BRA.18_1,0.051,0.276,0.000,0.709,0.016,0.000,0.000,0.000,area_weighted,Low (<10%)
BRA.19_1,0.571,0.000,0.000,0.554,0.446,0.000,0.000,0.000,area_weighted,Low (<10%)
BRA.1_1,0.000,0.000,0.000,1.000,0.000,0.000,0.000,0.000,area_weighted,Low (<10%)
BRA.20_1,1.627,0.000,0.000,0.157,0.394,0.448,0.000,0.000,area_weighted,Low - Medium (10-20%)
BRA.21_1,0.804,0.000,0.000,0.671,0.158,0.083,0.088,0.000,area_weighted,Low (<10%)
BRA.22_1,0.000,0.000,0.000,1.000,0.000,0.000,0.000,0.000,area_weighted,Low (<10%)
BRA.23_1,0.000,0.000,0.000,1.000,0.000,0.000,0.000,0.000,area_weighted,Low (<10%)
BRA.24_1,0.241,0.000,0.000,0.898,0.049,0.000,0.052,0.000,area_weighted,Low (<10%)
BRA.25_1,0.344,0.000,0.000,0.819,0.077,0.104,0.000,0.000,area_weighted,Low (<10%)
BRA.26_1,0.496,0.000,0.000,0.738,0.262,0.000,0.000,0.000,area_weighted,Low (<10%)
BRA.27_1,0.202,0.000,0.000,0.903,0.097,0.000,0.000,0.000,area_weighted,Low (<10%)
BRA.2_1,0.694,0.081,0.000,0.532,0.327,0.060,0.000,0.000,area_weighted,Low (<10%)
BRA.3_1,0.000,0.000,0.000,1.000,0.000,0.000,0.000,0.000,area_weighted,Low (<10%)
BRA.4_1,0.000,0.000,0.000,1.000,0.000,0.000,0.000,0.000,area_weighted,Low (<10%)
BRA.5_1,0.410,0.053,0.000,0.775,0.142,0.025,0.002,0.004,area_weighted,Low (<10%)
BRA.6_1,1.529,0.064,0.000,0.457,0.178,0.215,0.086,0.000,area_weighted,Low - Medium (10-20%)
BRA.7_1,1.085,0.000,0.000,0.785,0.000,0.000,0.000,0.215,area_weighted,Low - Medium (10-20%)
BRA.8_1,0.000,0.000,0.000,1.000,0.000,0.000,0.000,0.000,area_weighted,Low (<10%)
BRA.9_1,0.275,0.000,0.000,0.910,0.035,0.017,0.038,0.001,area_weighted,Low (<10%)
BRB.10_1,1.076,0.000,0.000,0.000,1.000,0.000,0.000,0.000,area_weighted,Low - Medium (10-20%)
BRB.11_1,1.076,0.000,0.000,0.000,1.000,0.000,0.000,0.000,area_weighted,Low - Medium (10-20%)
BRB.1_1,1.076,0.000,0.000,0.000,1.000,0.000,0.000,0.000,area_weighted,Low - Medium (10-20%)
BRB.2_1,1.076,0.000,0.000,0.000,1.000,0.000,0.000,0.000,area_weighted,Low - Medium (10-20%)
BRB.3_1,1.076,0.000,0.000,0.000,1.000,0.000,0.000,0.000,area_weighted,Low - Medium (10-20%)
BRB.4_1,1.076,0.000,0.000,0.000,1.000,0.000,0.000,0.000,area_weighted,Low - Medium (10-20%)
BRB.5_1,1.076,0.000,0.000,0.000,1.000,0.000,0.000,0.000,area_weighted,Low - Medium (10-20%)
BRB.6_1,1.076,0.000,0.000,0.000,1.000,0.000,0.000,0.000,area_weighted,Low - Medium (10-20%)
BRB.7_1,1.076,0.000,0.000,0.000,1.000,0.000,0.000,0.000,area_weighted,Low - Medium (10-20%)
BRB.8_1,1.076,0.000,0.000,0.000,1.000,0.000,0.000,0.000,area_weighted,Low - Medium (10-20%)
BRB.9_1,1.076,0.000,0.000,0.000,1.000,0.000,0.000,0.000,area_weighted,Low - Medium (10-20%)
BRN.1_1,0.000,0.000,0.000,1.000,0.000,0.000,0.000,0.000,area_weighted,Low (<10%)
BRN.2_1,0.000,0.000,0.000,1.000,0.000,0.000,0.000,0.000,area_weighted,Low (<10%)
BRN.3_1,0.000,0.000,0.000,1.000,0.000,0.000,0.000,0.000,area_weighted,Low (<10%)
BRN.4_1,0.000,0.000,0.000,1.000,0.000,0.000,0.000,0.000,area_weighted,Low (<10%)
BTN.10_1,0.639,0.000,0.000,1.000,0.000,0.000,0.000,0.000,area_weighted,Low (<10%)
BTN.11_1,0.789,0.000,0.000,0.830,0.000,0.000,0.000,0.170,area_weighted,Low (<10%)
BTN.12_1,0.628,0.000,0.000,1.000,0.000,0.000,0.000,0.000,area_weighted,Low (<10%)
BTN.13_1,0.001,0.000,0.000,1.000,0.000,0.000,0.000,0.000,area_weighted,Low (<10%)
BTN.14_1,0.639,0.000,0.000,0.998,0.002,0.000,0.000,0.000,area_weighted,Low (<10%)
BTN.15_1,0.000,0.000,0.000,1.000,0.000,0.000,0.000,0.000,area_weighted,Low (<10%)
BTN.16_1,0.002,0.000,0.000,1.000,0.000,0.000,0.000,0.000,area_weighted,Low (<10%)
BTN.17_1,0.624,0.000,0.000,1.000,0.000,0.000,0.000,0.000,area_weighted,Low (<10%)
BTN.18_1,0.487,0.000,0.000,1.000,0.000,0.000,0.000,0.000,area_weighted,Low (<10%)
BTN.19_1,0.000,0.000,0.000,1.000,0.000,0.000,0.000,0.000,area_weighted,Low (<10%)
BTN.1_1,0.000,0.000,0.000,1.000,0.000,0.000,0.000,0.000,area_weighted,Low (<10%)
BTN.20_1,0.012,0.000,0.000,0.997,0.000,0.000,0.000,0.003,area_weighted,Low (<10%)
BTN.2_1,0.639,0.000,0.000,1.000,0.000,0.000,0.000,0.000,area_weighted,Low (<10%)
BTN.3_1,0.631,0.000,0.000,1.000,0.000,0.000,0.000,0.000,area_weighted,Low (<10%)
BTN.4_1,0.606,0.000,0.000,0.999,0.001,0.000,0.000,0.000,area_weighted,Low (<10%)
BTN.5_1,0.638,0.000,0.000,1.000,0.000,0.000,0.000,0.000,area_weighted,Low (<10%)
BTN.6_1,0.000,0.000,0.000,1.000,0.000,0.000,0.000,0.000,area_weighted,Low (<10%)
BTN.7_1,0.000,0.000,0.000,1.000,0.000,0.000,0.000,0.000,area_weighted,Low (<10%)
BTN.8_1,0.639,0.000,0.000,1.000,0.000,0.000,0.000,0.000,area_weighted,Low (<10%)
BTN.9_1,1.257,0.000,0.000,0.730,0.000,0.000,0.000,0.270,area_weighted,Low - Medium (10-20%)
BWA.10_1,,1.000,0.000,0.000,0.000,0.000,0.000,0.000,area_weighted,Arid and Low Water Use
BWA.11_1,,1.000,0.000,0.000,0.000,0.000,0.000,0.000,area_weighted,Arid and Low Water Use
BWA.12_1,2.639,0.856,0.000,0.002,0.018,0.120,0.000,0.004,area_weighted,Arid and Low Water Use
BWA.13_1,,1.000,0.000,0.000,0.000,0.000,0.000,0.000,area_weighted,Arid and Low Water Use
BWA.14_1,,1.000,0.000,0.000,0.000,0.000,0.000,0.000,area_weighted,Arid and Low Water Use
BWA.15_1,,1.000,0.000,0.000,0.000,0.000,0.000,0.000,area_weighted,Arid and Low Water Use
BWA.16_1,,1.000,0.000,0.000,0.000,0.000,0.000,0.000,area_weighted,Arid and Low Water Use
BWA.1_1,2.397,0.768,0.000,0.044,0.020,0.122,0.025,0.022,area_weighted,Arid and Low Water Use
BWA.2_1,0.000,0.797,0.000,0.203,0.000,0.000,0.000,0.000,area_weighted,Arid and Low Water Use
BWA.3_1,,1.000,0.000,0.000,0.000,0.000,0.000,0.000,area_weighted,Arid and Low Water Use
BWA.4_1,,1.000,0.000,0.000,0.000,0.000,0.000,0.000,area_weighted,Arid and Low Water Use
BWA.5_1,5.000,0.992,0.000,0.000,0.000,0.000,0.000,0.008,area_weighted,Arid and Low Water Use
BWA.6_1,,1.000,0.000,0.000,0.000,0.000,0.000,0.000,area_weighted,Arid and Low Water Use
BWA.7_1,,1.000,0.000,0.000,0.000,0.000,0.000,0.000,area_weighted,Arid and Low Water Use
BWA.8_1,0.007,0.945,0.000,0.055,0.000,0.000,0.000,0.000,area_weighted,Arid and Low Water Use
BWA.9_1,,1.000,0.000,0.000,0.000,0.000,0.000,0.000,area_weighted,Arid and Low Water Use
CAF.10_1,0.000,0.000,0.000,1.000,0.000,0.000,0.000,0.000,area_weighted,Low (<10%)
CAF.11_1,0.000,0.000,0.000,1.000,0.000,0.000,0.000,0.000,area_weighted,Low (<10%)
CAF.12_1,0.000,0.000,0.000,1.000,0.000,0.000,0.000,0.000,area_weighted,Low (<10%)
CAF.13_1,0.000,0.000,0.000,1.000,0.000,0.000,0.000,0.000,area_weighted,Low (<10%)
CAF.14_1,0.000,0.000,0.000,1.000,0.000,0.000,0.000,0.000,area_weighted,Low (<10%)
CAF.15_1,0.000,0.000,0.000,1.000,0.000,0.000,0.000,0.000,area_weighted,Low (<10%)
CAF.16_1,0.000,0.002,0.000,0.998,0.000,0.000,0.000,0.000,area_weighted,Low (<10%)
CAF.17_1,0.000,0.031,0.000,0.969,0.000,0.000,0.000,0.000,area_weighted,Low (<10%)
CAF.1_1,0.000,0.000,0.000,1.000,0.000,0.000,0.000,0.000,area_weighted,Low (<10%)
CAF.2_1,0.000,0.000,0.000,1.000,0.000,0.000,0.000,0.000,area_weighted,Low (<10%)
CAF.3_1,0.000,0.000,0.000,1.000,0.000,0.000,0.000,0.000,area_weighted,Low (<10%)
CAF.4_1,0.000,0.000,0.000,1.000,0.000,0.000,0.000,0.000,area_weighted,Low (<10%)
CAF.5_1,0.000,0.001,0.000,0.999,0.000,0.000,0.000,0.000,area_weighted,Low (<10%)
CAF.6_1,0.000,0.000,0.000,1.000,0.000,0.000,0.000,0.000,area_weighted,Low (<10%)
CAF.7_1,0.000,0.003,0.000,0.997,0.000,0.000,0.000,0.000,area_weighted,Low (<10%)
CAF.8_1,0.000,0.000,0.000,1.000,0.000,0.000,0.000,0.000,area_weighted,Low (<10%)
CAF.9_1,0.000,0.000,0.000,1.000,0.000,0.000,0.000,0.000,area_weighted,Low (<10%)
CHL.10_1,0.000,0.000,0.000,1.000,0.000,0.000,0.000,0.000,area_weighted,Low (<10%)
CHL.11_1,0.021,0.019,0.000,0.969,0.012,0.000,0.000,0.000,area_weighted,Low (<10%)
CHL.12_1,4.734,0.000,0.000,0.001,0.000,0.000,0.063,0.936,area_weighted,Extremely High (>80%)
CHL.13_1,3.493,0.000,0.000,0.001,0.000,0.000,0.896,0.103,area_weighted,High (40-80%)
CHL.14_1,4.999,0.000,0.000,0.000,0.000,0.000,0.000,1.000,area_weighted,Extremely High (>80%)
CHL.15_1,0.000,0.916,0.000,0.084,0.000,0.000,0.000,0.000,area_weighted,Arid and Low Water Use
CHL.16_1,5.000,0.000,0.007,0.000,0.000,0.000,0.000,0.993,area_weighted,Extremely High (>80%)
CHL.1_1,0.000,0.000,0.000,1.000,0.000,0.000,0.000,0.000,area_weighted,Low (<10%)
CHL.2_1,1.535,0.951,0.000,0.034,0.000,0.000,0.000,0.015,area_weighted,Arid and Low Water Use
CHL.3_1,1.657,0.000,0.000,0.366,0.381,0.000,0.253,0.000,area_weighted,Low - Medium (10-20%)
CHL.4_1,0.324,0.915,0.000,0.079,0.000,0.000,0.000,0.006,area_weighted,Arid and Low Water Use
CHL.5_1,4.991,0.829,0.000,0.000,0.000,0.000,0.000,0.171,area_weighted,Arid and Low Water Use
CHL.6_1,2.872,0.000,0.000,0.253,0.001,0.000,0.746,0.000,area_weighted,Medium - High (20-40%)
CHL.7_1,4.999,0.000,0.000,0.000,0.000,0.000,0.000,0.999,area_weighted,Extremely High (>80%)
CHL.8_1,4.901,0.000,0.000,0.000,0.000,0.000,0.000,1.000,area_weighted,Extremely High (>80%)
CHL.9_1,0.000,0.000,0.000,1.000,0.000,0.000,0.000,0.000,area_weighted,Low (<10%)
CHN.10_1,4.528,0.032,0.000,0.011,0.004,0.026,0.132,0.795,area_weighted,Extremely High (>80%)
CHN.11_1,1.283,0.004,0.000,0.608,0.117,0.003,0.189,0.080,area_weighted,Low - Medium (10-20%)
CHN.12_1,4.119,0.000,0.000,0.056,0.046,0.090,0.096,0.712,area_weighted,Extremely High (>80%)
CHN.13_1,1.173,0.000,0.000,0.649,0.088,0.067,0.041,0.154,area_weighted,Low - Medium (10-20%)
CHN.14_1,1.314,0.000,0.000,0.414,0.225,0.238,0.123,0.000,area_weighted,Low - Medium (10-20%)
CHN.15_1,2.591,0.000,0.000,0.096,0.063,0.432,0.226,0.182,area_weighted,Medium - High (20-40%)
CHN.16_1,1.744,0.000,0.000,0.358,0.233,0.281,0.128,0.000,area_weighted,Low - Medium (10-20%)
CHN.17_1,2.391,0.000,0.000,0.297,0.145,0.184,0.122,0.251,area_weighted,Medium - High (20-40%)
CHN.18_1,3.479,0.000,0.000,0.112,0.080,0.118,0.195,0.494,area_weighted,High (40-80%)
CHN.19_1,2.555,0.489,0.000,0.220,0.011,0.031,0.023,0.225,area_weighted,Medium - High (20-40%)
CHN.1_1,2.331,0.000,0.000,0.171,0.300,0.077,0.254,0.197,area_weighted,Medium - High (20-40%)
CHN.20_1,4.140,0.066,0.000,0.007,0.071,0.208,0.000,0.648,area_weighted,Extremely High (>80%)
CHN.21_1,0.478,0.200,0.000,0.662,0.071,0.009,0.047,0.010,area_weighted,Low (<10%)
CHN.22_1,2.475,0.037,0.000,0.236,0.112,0.189,0.145,0.281,area_weighted,Medium - High (20-40%)
CHN.23_1,4.364,0.000,0.000,0.001,0.075,0.018,0.091,0.815,area_weighted,Extremely High (>80%)
CHN.24_1,3.270,0.000,0.000,0.000,0.000,0.311,0.307,0.382,area_weighted,High (40-80%)
CHN.25_1,3.965,0.014,0.000,0.018,0.123,0.150,0.015,0.679,area_weighted,High (40-80%)
CHN.26_1,1.523,0.000,0.000,0.486,0.106,0.193,0.097,0.118,area_weighted,Low - Medium (10-20%)
CHN.27_1,4.289,0.000,0.001,0.016,0.009,0.096,0.034,0.843,area_weighted,Extremely High (>80%)
CHN.28_1,3.632,0.436,0.000,0.097,0.027,0.056,0.026,0.358,area_weighted,High (40-80%)
CHN.29_1,0.108,0.218,0.000,0.749,0.017,0.000,0.016,0.000,area_weighted,Low (<10%)
CHN.2_1,4.472,0.000,0.000,0.000,0.000,0.000,0.000,1.000,area_weighted,Extremely High (>80%)
CHN.30_1,1.115,0.000,0.000,0.538,0.197,0.151,0.091,0.024,area_weighted,Low - Medium (10-20%)
CHN.31_1,2.342,0.000,0.000,0.275,0.012,0.309,0.316,0.089,area_weighted,Medium - High (20-40%)
CHN.3_1,0.773,0.000,0.000,0.694,0.135,0.092,0.000,0.078,area_weighted,Low (<10%)
CHN.4_1,2.069,0.000,0.000,0.133,0.265,0.327,0.275,0.000,area_weighted,Medium - High (20-40%)
CHN.5_1,2.818,0.132,0.000,0.166,0.115,0.124,0.148,0.314,area_weighted,Medium - High (20-40%)
CHN.6_1,1.339,0.000,0.000,0.404,0.297,0.298,0.001,0.000,area_weighted,Low - Medium (10-20%)
CHN.7_1,0.956,0.000,0.000,0.498,0.379,0.123,0.000,0.000,area_weighted,Low (<10%)
CHN.8_1,1.079,0.000,0.000,0.486,0.320,0.101,0.093,0.000,area_weighted,Low - Medium (10-20%)
CHN.9_1,2.636,0.000,0.000,0.000,0.000,1.000,0.000,0.000,area_weighted,Medium - High (20-40%)
CHN.HKG,1.840,0.000,0.000,0.000,1.000,0.000,0.000,0.000,area_weighted,Low - Medium (10-20%)
CHN.MAC,0.000,0.000,0.000,1.000,0.000,0.000,0.000,0.000,area_weighted,Low (<10%)
CIV.10_1,0.000,0.000,0.000,1.000,0.000,0.000,0.000,0.000,area_weighted,Low (<10%)
CIV.11_1,0.000,0.000,0.000,1.000,0.000,0.000,0.000,0.000,area_weighted,Low (<10%)
CIV.12_1,0.000,0.000,0.000,1.000,0.000,0.000,0.000,0.000,area_weighted,Low (<10%)
CIV.13_1,0.000,0.000,0.000,1.000,0.000,0.000,0.000,0.000,area_weighted,Low (<10%)
CIV.14_1,0.000,0.000,0.000,1.000,0.000,0.000,0.000,0.000,area_weighted,Low (<10%)
CIV.1_1,0.000,0.000,0.000,1.000,0.000,0.000,0.000,0.000,area_weighted,Low (<10%)
CIV.2_1,0.000,0.000,0.000,1.000,0.000,0.000,0.000,0.000,area_weighted,Low (<10%)
CIV.3_1,0.000,0.000,0.000,1.000,0.000,0.000,0.000,0.000,area_weighted,Low (<10%)
CIV.4_1,0.000,0.000,0.000,1.000,0.000,0.000,0.000,0.000,area_weighted,Low (<10%)
CIV.5_1,0.000,0.000,0.000,1.000,0.000,0.000,0.000,0.000,area_weighted,Low (<10%)
CIV.6_1,0.000,0.000,0.000,1.000,0.000,0.000,0.000,0.000,area_weighted,Low (<10%)
CIV.7_1,0.000,0.000,0.000,1.000,0.000,0.000,0.000,0.000,area_weighted,Low (<10%)
CIV.8_1,0.000,0.000,0.000,1.000,0.000,0.000,0.000,0.000,area_weighted,Low (<10%)
CIV.9_1,0.000,0.000,0.000,1.000,0.000,0.000,0.000,0.000,area_weighted,Low (<10%)
CMR.10_1,0.000,0.000,0.000,1.000,0.000,0.000,0.000,0.000,area_weighted,Low (<10%)
CMR.1_1,0.000,0.000,0.000,1.000,0.000,0.000,0.000,0.000,area_weighted,Low (<10%)
CMR.2_1,0.000,0.000,0.000,1.000,0.000,0.000,0.000,0.000,area_weighted,Low (<10%)
CMR.3_1,0.000,0.000,0.000,1.000,0.000,0.000,0.000,0.000,area_weighted,Low (<10%)
CMR.4_1,0.249,0.000,0.000,0.951,0.000,0.000,0.000,0.049,area_weighted,Low (<10%)
CMR.5_1,0.000,0.000,0.000,1.000,0.000,0.000,0.000,0.000,area_weighted,Low (<10%)
CMR.6_1,0.000,0.000,0.000,1.000,0.000,0.000,0.000,0.000,area_weighted,Low (<10%)
CMR.7_1,0.020,0.000,0.000,1.000,0.000,0.000,0.000,0.000,area_weighted,Low (<10%)
CMR.8_1,0.000,0.000,0.000,1.000,0.000,0.000,0.000,0.000,area_weighted,Low (<10%)
CMR.9_1,0.000,0.000,0.000,1.000,0.000,0.000,0.000,0.000,area_weighted,Low (<10%)
COD.10_1,0.945,0.000,0.000,0.442,0.558,0.000,0.000,0.000,area_weighted,Low (<10%)
COD.11_1,0.128,0.000,0.000,0.925,0.075,0.000,0.000,0.000,area_weighted,Low (<10%)
COD.12_1,0.022,0.000,0.000,0.987,0.013,0.000,0.000,0.000,area_weighted,Low (<10%)
COD.13_1,0.000,0.000,0.000,1.000,0.000,0.000,0.000,0.000,area_weighted,Low (<10%)
COD.14_1,0.000,0.000,0.000,1.000,0.000,0.000,0.000,0.000,area_weighted,Low (<10%)
COD.15_1,0.000,0.000,0.000,1.000,0.000,0.000,0.000,0.000,area_weighted,Low (<10%)
COD.16_1,0.006,0.000,0.000,0.997,0.003,0.000,0.000,0.000,area_weighted,Low (<10%)
COD.17_1,0.000,0.000,0.000,1.000,0.000,0.000,0.000,0.000,area_weighted,Low (<10%)
COD.18_1,0.079,0.000,0.000,0.956,0.044,0.000,0.000,0.000,area_weighted,Low (<10%)
COD.19_1,0.000,0.000,0.000,1.000,0.000,0.000,0.000,0.000,area_weighted,Low (<10%)
COD.1_1,0.000,0.000,0.000,1.000,0.000,0.000,0.000,0.000,area_weighted,Low (<10%)
COD.20_1,0.000,0.000,0.000,1.000,0.000,0.000,0.000,0.000,area_weighted,Low (<10%)
COD.21_1,0.000,0.000,0.000,1.000,0.000,0.000,0.000,0.000,area_weighted,Low (<10%)
COD.22_1,0.000,0.000,0.000,1.000,0.000,0.000,0.000,0.000,area_weighted,Low (<10%)
COD.23_1,0.000,0.000,0.000,1.000,0.000,0.000,0.000,0.000,area_weighted,Low (<10%)
COD.24_1,0.000,0.000,0.000,1.000,0.000,0.000,0.000,0.000,area_weighted,Low (<10%)
COD.25_1,0.000,0.000,0.000,1.000,0.000,0.000,0.000,0.000,area_weighted,Low (<10%)
COD.26_1,0.068,0.000,0.000,0.962,0.038,0.000,0.000,0.000,area_weighted,Low (<10%)
COD.2_1,0.000,0.000,0.000,1.000,0.000,0.000,0.000,0.000,area_weighted,Low (<10%)
COD.3_1,0.002,0.000,0.000,1.000,0.000,0.000,0.000,0.000,area_weighted,Low (<10%)
COD.4_1,0.000,0.000,0.000,1.000,0.000,0.000,0.000,0.000,area_weighted,Low (<10%)
COD.5_1,0.000,0.001,0.000,0.999,0.000,0.000,0.000,0.000,area_weighted,Low (<10%)
COD.6_1,0.000,0.000,0.000,1.000,0.000,0.000,0.000,0.000,area_weighted,Low (<10%)
COD.7_1,0.000,0.000,0.000,1.000,0.000,0.000,0.000,0.000,area_weighted,Low (<10%)
COD.8_1,0.000,0.000,0.000,1.000,0.000,0.000,0.000,0.000,area_weighted,Low (<10%)
COD.9_1,0.000,0.000,0.000,1.000,0.000,0.000,0.000,0.000,area_weighted,Low (<10%)
COG.10_1,0.000,0.000,0.000,1.000,0.000,0.000,0.000,0.000,area_weighted,Low (<10%)
COG.11_1,0.000,0.000,0.000,1.000,0.000,0.000,0.000,0.000,area_weighted,Low (<10%)
COG.12_1,0.000,0.221,0.000,0.779,0.000,0.000,0.000,0.000,area_weighted,Low (<10%)
COG.1_1,0.000,0.000,0.000,1.000,0.000,0.000,0.000,0.000,area_weighted,Low (<10%)
COG.2_1,0.000,0.000,0.000,1.000,0.000,0.000,0.000,0.000,area_weighted,Low (<10%)
COG.3_1,0.000,0.000,0.000,1.000,0.000,0.000,0.000,0.000,area_weighted,Low (<10%)
COG.4_1,0.000,0.001,0.000,0.999,0.000,0.000,0.000,0.000,area_weighted,Low (<10%)
COG.5_1,0.000,0.000,0.000,1.000,0.000,0.000,0.000,0.000,area_weighted,Low (<10%)
COG.6_1,0.000,0.000,0.000,1.000,0.000,0.000,0.000,0.000,area_weighted,Low (<10%)
COG.7_1,0.000,0.200,0.000,0.800,0.000,0.000,0.000,0.000,area_weighted,Low (<10%)
COG.8_1,0.000,0.000,0.001,0.999,0.000,0.000,0.000,0.000,area_weighted,Low (<10%)
COG.9_1,0.000,0.000,0.000,1.000,0.000,0.000,0.000,0.000,area_weighted,Low (<10%)
COL.10_2,0.000,0.000,0.000,1.000,0.000,0.000,0.000,0.000,area_weighted,Low (<10%)
COL.11_2,0.261,0.000,0.000,0.759,0.241,0.000,0.000,0.000,area_weighted,Low (<10%)
COL.12_2,0.008,0.000,0.000,0.997,0.000,0.003,0.000,0.000,area_weighted,Low (<10%)
COL.13_2,0.000,0.000,0.000,1.000,0.000,0.000,0.000,0.000,area_weighted,Low (<10%)
COL.14_2,0.020,0.000,0.000,0.992,0.000,0.008,0.000,0.000,area_weighted,Low (<10%)
COL.15_2,0.000,0.000,0.000,1.000,0.000,0.000,0.000,0.000,area_weighted,Low (<10%)
COL.16_2,0.000,0.000,0.000,1.000,0.000,0.000,0.000,0.000,area_weighted,Low (<10%)
COL.17_2,0.000,0.000,0.000,1.000,0.000,0.000,0.000,0.000,area_weighted,Low (<10%)
COL.18_2,0.001,0.000,0.000,0.999,0.001,0.000,0.000,0.000,area_weighted,Low (<10%)
COL.19_2,1.667,0.000,0.000,0.254,0.211,0.521,0.013,0.000,area_weighted,Low - Medium (10-20%)
COL.1_2,0.000,0.000,0.000,1.000,0.000,0.000,0.000,0.000,area_weighted,Low (<10%)
COL.20_2,0.731,0.000,0.000,0.709,0.000,0.286,0.000,0.006,area_weighted,Low (<10%)
COL.21_2,0.000,0.000,0.000,1.000,0.000,0.000,0.000,0.000,area_weighted,Low (<10%)
COL.22_2,0.000,0.000,0.000,1.000,0.000,0.000,0.000,0.000,area_weighted,Low (<10%)
COL.23_2,0.000,0.000,0.000,1.000,0.000,0.000,0.000,0.000,area_weighted,Low (<10%)
COL.24_2,0.000,0.000,0.000,1.000,0.000,0.000,0.000,0.000,area_weighted,Low (<10%)
COL.25_2,0.000,0.000,0.000,1.000,0.000,0.000,0.000,0.000,area_weighted,Low (<10%)
COL.26_2,0.000,0.000,0.000,1.000,0.000,0.000,0.000,0.000,area_weighted,Low (<10%)
COL.27_1,0.000,0.000,0.000,1.000,0.000,0.000,0.000,0.000,area_weighted,Low (<10%)
COL.28_2,0.000,0.000,0.000,1.000,0.000,0.000,0.000,0.000,area_weighted,Low (<10%)
COL.29_2,0.579,0.000,0.000,0.763,0.000,0.218,0.019,0.000,area_weighted,Low (<10%)
COL.2_2,0.000,0.000,0.000,1.000,0.000,0.000,0.000,0.000,area_weighted,Low (<10%)
COL.30_2,0.000,0.000,0.000,1.000,0.000,0.000,0.000,0.000,area_weighted,Low (<10%)
COL.31_2,0.519,0.000,0.000,0.522,0.478,0.000,0.000,0.000,area_weighted,Low (<10%)
COL.32_2,0.000,0.000,0.000,1.000,0.000,0.000,0.000,0.000,area_weighted,Low (<10%)
COL.33_2,0.000,0.000,0.000,1.000,0.000,0.000,0.000,0.000,area_weighted,Low (<10%)
COL.3_2,0.000,0.000,0.000,1.000,0.000,0.000,0.000,0.000,area_weighted,Low (<10%)
COL.4_2,0.785,0.000,0.000,0.748,0.000,0.000,0.252,0.000,area_weighted,Low (<10%)
COL.5_2,0.000,0.000,0.000,1.000,0.000,0.000,0.000,0.000,area_weighted,Low (<10%)
COL.6_2,0.263,0.000,0.000,0.914,0.000,0.005,0.081,0.000,area_weighted,Low (<10%)
COL.7_2,0.000,0.000,0.000,1.000,0.000,0.000,0.000,0.000,area_weighted,Low (<10%)
COL.8_2,0.000,0.000,0.000,1.000,0.000,0.000,0.000,0.000,area_weighted,Low (<10%)
COL.9_2,0.000,0.000,0.000,1.000,0.000,0.000,0.000,0.000,area_weighted,Low (<10%)
COM.1_1,0.000,0.000,0.000,1.000,0.000,0.000,0.000,0.000,area_weighted,Low (<10%)
COM.2_1,0.000,0.000,0.000,1.000,0.000,0.000,0.000,0.000,area_weighted,Low (<10%)
COM.3_1,0.000,0.000,0.000,1.000,0.000,0.000,0.000,0.000,area_weighted,Low (<10%)
CRI.1_1,0.164,0.000,0.000,0.849,0.151,0.000,0.000,0.000,area_weighted,Low (<10%)
CRI.2_1,0.043,0.000,0.000,0.960,0.040,0.000,0.000,0.000,area_weighted,Low (<10%)
CRI.3_1,0.715,0.000,0.000,0.750,0.250,0.000,0.000,0.000,area_weighted,Low (<10%)
CRI.4_1,0.105,0.000,0.000,0.903,0.097,0.000,0.000,0.000,area_weighted,Low (<10%)
CRI.5_1,0.000,0.000,0.000,1.000,0.000,0.000,0.000,0.000,area_weighted,Low (<10%)
CRI.6_1,0.346,0.000,0.000,0.757,0.243,0.000,0.000,0.000,area_weighted,Low (<10%)
CRI.7_1,0.748,0.000,0.000,0.308,0.692,0.000,0.000,0.000,area_weighted,Low (<10%)
CUB.10_1,1.310,0.000,0.000,0.000,1.000,0.000,0.000,0.000,area_weighted,Low - Medium (10-20%)
CUB.11_1,1.312,0.000,0.000,0.623,0.000,0.377,0.000,0.000,area_weighted,Low - Medium (10-20%)
CUB.12_1,2.376,0.000,0.000,0.023,0.000,0.977,0.000,0.000,area_weighted,Medium - High (20-40%)
CUB.13_1,2.426,0.000,0.000,0.000,0.000,1.000,0.000,0.000,area_weighted,Medium - High (20-40%)
CUB.14_1,1.053,0.000,0.000,0.556,0.285,0.159,0.000,0.000,area_weighted,Low - Medium (10-20%)
CUB.15_1,1.017,0.000,0.000,0.185,0.815,0.000,0.000,0.000,area_weighted,Low - Medium (10-20%)
CUB.16_1,1.947,0.000,0.000,0.254,0.020,0.726,0.000,0.000,area_weighted,Low - Medium (10-20%)
CUB.1_1,1.309,0.000,0.000,0.000,1.000,0.000,0.000,0.000,area_weighted,Low - Medium (10-20%)
CUB.2_1,1.360,0.000,0.000,0.000,0.886,0.114,0.000,0.000,area_weighted,Low - Medium (10-20%)
CUB.3_1,0.864,0.000,0.000,0.996,0.000,0.004,0.000,0.000,area_weighted,Low (<10%)
CUB.4_1,2.426,0.000,0.000,0.000,0.000,1.000,0.000,0.000,area_weighted,Medium - High (20-40%)
CUB.5_1,0.732,0.000,0.000,0.590,0.410,0.000,0.000,0.000,area_weighted,Low (<10%)
CUB.6_1,1.005,0.000,0.000,0.000,1.000,0.000,0.000,0.000,area_weighted,Low - Medium (10-20%)
CUB.7_1,1.092,0.000,0.000,0.000,1.000,0.000,0.000,0.000,area_weighted,Low - Medium (10-20%)
CUB.8_1,2.021,0.000,0.000,0.000,0.000,1.000,0.000,0.000,area_weighted,Medium - High (20-40%)
CUB.9_1,2.426,0.000,0.000,0.000,0.000,1.000,0.000,0.000,area_weighted,Medium - High (20-40%)
CYM.1_1,0.000,0.000,0.000,1.000,0.000,0.000,0.000,0.000,area_weighted,Low (<10%)
CYM.3_1,0.000,0.000,0.000,1.000,0.000,0.000,0.000,0.000,area_weighted,Low (<10%)
CYM.4_1,0.000,0.000,0.000,1.000,0.000,0.000,0.000,0.000,area_weighted,Low (<10%)
CYM.6_1,0.000,0.000,0.000,1.000,0.000,0.000,0.000,0.000,area_weighted,Low (<10%)
CYM.7_1,0.000,0.000,0.000,1.000,0.000,0.000,0.000,0.000,area_weighted,Low (<10%)
DJI.1_2,0.000,0.881,0.000,0.119,0.000,0.000,0.000,0.000,area_weighted,Arid and Low Water Use
DJI.2_1,0.044,0.000,0.003,0.997,0.000,0.000,0.000,0.000,area_weighted,Low (<10%)
DJI.3_1,,1.000,0.000,0.000,0.000,0.000,0.000,0.000,area_weighted,Arid and Low Water Use
DJI.4_1,,1.000,0.000,0.000,0.000,0.000,0.000,0.000,area_weighted,Arid and Low Water Use
DJI.5_1,0.000,0.445,0.000,0.555,0.000,0.000,0.000,0.000,area_weighted,Low (<10%)
DJI.6_1,0.000,0.543,0.000,0.457,0.000,0.000,0.000,0.000,area_weighted,Arid and Low Water Use
DMA.10_1,0.533,0.000,0.000,1.000,0.000,0.000,0.000,0.000,area_weighted,Low (<10%)
DMA.1_1,0.533,0.000,0.000,1.000,0.000,0.000,0.000,0.000,area_weighted,Low (<10%)
DMA.2_1,0.533,0.000,0.000,1.000,0.000,0.000,0.000,0.000,area_weighted,Low (<10%)
DMA.3_1,0.533,0.000,0.000,1.000,0.000,0.000,0.000,0.000,area_weighted,Low (<10%)
DMA.4_1,0.533,0.000,0.000,1.000,0.000,0.000,0.000,0.000,area_weighted,Low (<10%)
DMA.5_1,0.533,0.000,0.000,1.000,0.000,0.000,0.000,0.000,area_weighted,Low (<10%)
DMA.6_1,0.533,0.000,0.000,1.000,0.000,0.000,0.000,0.000,area_weighted,Low (<10%)
DMA.7_1,0.533,0.000,0.000,1.000,0.000,0.000,0.000,0.000,area_weighted,Low (<10%)
DMA.8_1,0.533,0.000,0.000,1.000,0.000,0.000,0.000,0.000,area_weighted,Low (<10%)
DMA.9_1,0.533,0.000,0.000,1.000,0.000,0.000,0.000,0.000,area_weighted,Low (<10%)
DOM.10_1,1.604,0.000,0.000,0.000,1.000,0.000,0.000,0.000,area_weighted,Low - Medium (10-20%)
DOM.11_1,1.604,0.000,0.000,0.000,1.000,0.000,0.000,0.000,area_weighted,Low - Medium (10-20%)
DOM.12_1,1.604,0.000,0.000,0.000,1.000,0.000,0.000,0.000,area_weighted,Low - Medium (10-20%)
DOM.13_1,1.604,0.000,0.000,0.000,1.000,0.000,0.000,0.000,area_weighted,Low - Medium (10-20%)
DOM.14_1,1.604,0.000,0.000,0.000,1.000,0.000,0.000,0.000,area_weighted,Low - Medium (10-20%)
DOM.15_1,1.604,0.000,0.000,0.000,1.000,0.000,0.000,0.000,area_weighted,Low - Medium (10-20%)
DOM.16_1,1.604,0.000,0.000,0.000,1.000,0.000,0.000,0.000,area_weighted,Low - Medium (10-20%)
DOM.17_1,1.604,0.000,0.000,0.000,1.000,0.000,0.000,0.000,area_weighted,Low - Medium (10-20%)
DOM.18_1,1.604,0.000,0.000,0.000,1.000,0.000,0.000,0.000,area_weighted,Low - Medium (10-20%)
DOM.19_1,1.604,0.000,0.000,0.000,1.000,0.000,0.000,0.000,area_weighted,Low - Medium (10-20%)
DOM.1_1,1.604,0.000,0.000,0.000,1.000,0.000,0.000,0.000,area_weighted,Low - Medium (10-20%)
DOM.20_1,1.604,0.000,0.000,0.000,1.000,0.000,0.000,0.000,area_weighted,Low - Medium (10-20%)
DOM.21_1,1.604,0.000,0.000,0.000,1.000,0.000,0.000,0.000,area_weighted,Low - Medium (10-20%)
DOM.22_1,1.604,0.000,0.000,0.000,1.000,0.000,0.000,0.000,area_weighted,Low - Medium (10-20%)
DOM.23_1,1.604,0.000,0.000,0.000,1.000,0.000,0.000,0.000,area_weighted,Low - Medium (10-20%)
DOM.24_1,1.604,0.000,0.000,0.000,1.000,0.000,0.000,0.000,area_weighted,Low - Medium (10-20%)
DOM.25_1,1.604,0.000,0.000,0.000,1.000,0.000,0.000,0.000,area_weighted,Low - Medium (10-20%)
DOM.26_1,1.604,0.000,0.000,0.000,1.000,0.000,0.000,0.000,area_weighted,Low - Medium (10-20%)
DOM.27_1,1.604,0.000,0.000,0.000,1.000,0.000,0.000,0.000,area_weighted,Low - Medium (10-20%)
DOM.28_1,1.604,0.000,0.000,0.000,1.000,0.000,0.000,0.000,area_weighted,Low - Medium (10-20%)
DOM.29_1,1.604,0.000,0.000,0.000,1.000,0.000,0.000,0.000,area_weighted,Low - Medium (10-20%)
DOM.2_1,1.604,0.000,0.000,0.000,1.000,0.000,0.000,0.000,area_weighted,Low - Medium (10-20%)
DOM.30_1,1.604,0.000,0.000,0.000,1.000,0.000,0.000,0.000,area_weighted,Low - Medium (10-20%)
DOM.31_1,1.604,0.000,0.000,0.000,1.000,0.000,0.000,0.000,area_weighted,Low - Medium (10-20%)
DOM.32_1,1.604,0.000,0.000,0.000,1.000,0.000,0.000,0.000,area_weighted,Low - Medium (10-20%)
DOM.3_1,1.604,0.000,0.000,0.000,1.000,0.000,0.000,0.000,area_weighted,Low - Medium (10-20%)
DOM.4_1,1.604,0.000,0.000,0.000,1.000,0.000,0.000,0.000,area_weighted,Low - Medium (10-20%)
DOM.5_1,1.604,0.000,0.000,0.000,1.000,0.000,0.000,0.000,area_weighted,Low - Medium (10-20%)
DOM.6_1,1.604,0.000,0.000,0.000,1.000,0.000,0.000,0.000,area_weighted,Low - Medium (10-20%)
DOM.7_1,1.604,0.000,0.000,0.000,1.000,0.000,0.000,0.000,area_weighted,Low - Medium (10-20%)
DOM.8_1,1.604,0.000,0.000,0.000,1.000,0.000,0.000,0.000,area_weighted,Low - Medium (10-20%)
DOM.9_1,1.604,0.000,0.000,0.000,1.000,0.000,0.000,0.000,area_weighted,Low - Medium (10-20%)
DZA.10_1,4.999,0.000,0.000,0.000,0.000,0.000,0.000,1.000,area_weighted,Extremely High (>80%)
DZA.11_1,3.286,0.000,0.000,0.000,0.000,0.000,1.000,0.000,area_weighted,High (40-80%)
DZA.12_1,3.142,0.000,0.000,0.000,0.000,0.261,0.724,0.015,area_weighted,High (40-80%)
DZA.13_1,3.503,0.000,0.000,0.000,0.000,0.615,0.000,0.385,area_weighted,High (40-80%)
DZA.14_1,3.944,0.000,0.000,0.000,0.000,0.000,0.637,0.363,area_weighted,High (40-80%)
DZA.15_1,2.644,0.000,0.000,0.000,0.063,0.937,0.000,0.000,area_weighted,Medium - High (20-40%)
DZA.16_1,2.354,0.624,0.000,0.108,0.000,0.079,0.190,0.000,area_weighted,Arid and Low Water Use
DZA.17_1,0.432,0.233,0.000,0.626,0.000,0.141,0.000,0.000,area_weighted,Low (<10%)
DZA.18_1,2.401,0.456,0.002,0.054,0.000,0.279,0.209,0.000,area_weighted,Medium - High (20-40%)
DZA.19_1,2.994,0.000,0.000,0.000,0.000,0.090,0.910,0.000,area_weighted,Medium - High (20-40%)
DZA.1_1,0.118,0.969,0.000,0.030,0.000,0.000,0.000,0.001,area_weighted,Arid and Low Water Use
DZA.20_1,0.112,0.761,0.000,0.239,0.000,0.000,0.000,0.000,area_weighted,Arid and Low Water Use
DZA.21_1,2.480,0.000,0.000,0.000,0.121,0.864,0.015,0.000,area_weighted,Medium - High (20-40%)
DZA.22_1,,1.000,0.000,0.000,0.000,0.000,0.000,0.000,area_weighted,Arid and Low Water Use
DZA.23_1,1.999,0.000,0.000,0.000,0.589,0.411,0.000,0.000,area_weighted,Low - Medium (10-20%)
DZA.24_1,2.656,0.000,0.000,0.000,0.000,0.794,0.052,0.154,area_weighted,Medium - High (20-40%)
DZA.25_1,1.837,0.558,0.000,0.101,0.000,0.340,0.000,0.000,area_weighted,Arid and Low Water Use
DZA.26_1,3.459,0.061,0.000,0.000,0.000,0.000,0.939,0.000,area_weighted,High (40-80%)
DZA.27_1,4.956,0.000,0.000,0.000,0.000,0.000,0.000,1.000,area_weighted,Extremely High (>80%)
DZA.28_1,2.870,0.000,0.000,0.147,0.000,0.275,0.508,0.070,area_weighted,Medium - High (20-40%)
DZA.29_1,2.845,0.000,0.000,0.000,0.005,0.939,0.000,0.056,area_weighted,Medium - High (20-40%)
DZA.2_1,3.542,0.000,0.000,0.000,0.000,0.000,0.880,0.120,area_weighted,High (40-80%)
DZA.30_1,3.948,0.000,0.000,0.199,0.000,0.000,0.068,0.732,area_weighted,High (40-80%)
DZA.31_1,0.741,0.217,0.000,0.499,0.024,0.259,0.000,0.000,area_weighted,Low (<10%)
DZA.32_1,4.578,0.000,0.000,0.000,0.000,0.000,0.000,1.000,area_weighted,Extremely High (>80%)
DZA.33_1,4.134,0.914,0.000,0.000,0.000,0.000,0.041,0.045,area_weighted,Arid and Low Water Use
DZA.34_1,3.723,0.000,0.000,0.000,0.000,0.359,0.159,0.482,area_weighted,High (40-80%)
DZA.35_1,4.061,0.000,0.000,0.005,0.000,0.000,0.529,0.466,area_weighted,Extremely High (>80%)
DZA.36_1,3.740,0.045,0.000,0.000,0.000,0.414,0.000,0.541,area_weighted,High (40-80%)
DZA.37_1,3.278,0.000,0.000,0.000,0.090,0.200,0.475,0.235,area_weighted,High (40-80%)
DZA.38_1,4.012,0.019,0.000,0.023,0.000,0.289,0.000,0.669,area_weighted,Extremely High (>80%)
DZA.39_1,1.527,0.000,0.000,0.000,0.945,0.055,0.000,0.000,area_weighted,Low - Medium (10-20%)
DZA.3_1,4.447,0.000,0.000,0.000,0.000,0.000,0.000,1.000,area_weighted,Extremely High (>80%)
DZA.40_1,3.254,0.000,0.000,0.000,0.000,0.291,0.709,0.000,area_weighted,High (40-80%)
DZA.41_1,5.000,0.995,0.000,0.000,0.000,0.000,0.000,0.005,area_weighted,Arid and Low Water Use
DZA.42_1,2.906,0.000,0.000,0.000,0.000,0.445,0.548,0.007,area_weighted,Medium - High (20-40%)
DZA.43_1,3.611,0.536,0.000,0.002,0.000,0.137,0.128,0.197,area_weighted,Arid and Low Water Use
DZA.44_1,1.012,0.919,0.000,0.069,0.000,0.012,0.000,0.000,area_weighted,Arid and Low Water Use
DZA.45_1,4.996,0.000,0.000,0.000,0.000,0.000,0.002,0.998,area_weighted,Extremely High (>80%)
DZA.46_1,3.288,0.000,0.000,0.000,0.000,0.000,1.000,0.000,area_weighted,High (40-80%)
DZA.47_1,2.305,0.000,0.000,0.000,0.000,0.995,0.005,0.000,area_weighted,Medium - High (20-40%)
DZA.48_1,4.506,0.161,0.000,0.000,0.112,0.000,0.000,0.727,area_weighted,Extremely High (>80%)
DZA.4_1,5.000,0.000,0.000,0.000,0.000,0.000,0.000,1.000,area_weighted,Extremely High (>80%)
DZA.5_1,1.711,0.000,0.000,0.000,0.784,0.206,0.010,0.000,area_weighted,Low - Medium (10-20%)
DZA.6_1,3.644,0.000,0.000,0.000,0.000,0.044,0.682,0.274,area_weighted,High (40-80%)
DZA.7_1,1.099,0.579,0.000,0.173,0.229,0.015,0.004,0.000,area_weighted,Arid and Low Water Use
DZA.8_1,2.573,0.000,0.000,0.000,0.246,0.189,0.565,0.000,area_weighted,Medium - High (20-40%)
DZA.9_1,2.705,0.026,0.000,0.142,0.000,0.082,0.750,0.000,area_weighted,Medium - High (20-40%)
ECU.10_1,0.600,0.000,0.000,0.701,0.278,0.020,0.000,0.000,area_weighted,Low (<10%)
ECU.11_1,0.000,0.000,0.000,1.000,0.000,0.000,0.000,0.000,area_weighted,Low (<10%)
ECU.12_1,2.066,0.000,0.000,0.152,0.196,0.652,0.000,0.000,area_weighted,Medium - High (20-40%)
ECU.13_1,0.015,0.000,0.000,1.000,0.000,0.000,0.000,0.000,area_weighted,Low (<10%)
ECU.14_1,0.922,0.000,0.000,0.310,0.630,0.060,0.000,0.000,area_weighted,Low (<10%)
ECU.15_1,0.000,0.000,0.000,1.000,0.000,0.000,0.000,0.000,area_weighted,Low (<10%)
ECU.16_1,0.000,0.000,0.000,1.000,0.000,0.000,0.000,0.000,area_weighted,Low (<10%)
ECU.17_1,0.000,0.000,0.000,1.000,0.000,0.000,0.000,0.000,area_weighted,Low (<10%)
ECU.18_1,0.000,0.000,0.000,1.000,0.000,0.000,0.000,0.000,area_weighted,Low (<10%)
ECU.19_1,0.000,0.000,0.000,1.000,0.000,0.000,0.000,0.000,area_weighted,Low (<10%)
ECU.1_1,0.521,0.000,0.000,1.000,0.000,0.000,0.000,0.000,area_weighted,Low (<10%)
ECU.20_1,1.133,0.000,0.000,0.001,0.999,0.000,0.000,0.000,area_weighted,Low - Medium (10-20%)
ECU.21_1,0.037,0.000,0.000,1.000,0.000,0.000,0.000,0.000,area_weighted,Low (<10%)
ECU.22_1,0.000,0.000,0.000,1.000,0.000,0.000,0.000,0.000,area_weighted,Low (<10%)
ECU.23_1,0.000,0.000,0.000,1.000,0.000,0.000,0.000,0.000,area_weighted,Low (<10%)
ECU.24_1,0.006,0.000,0.000,0.999,0.000,0.001,0.000,0.000,area_weighted,Low (<10%)
ECU.2_1,0.000,0.000,0.000,1.000,0.000,0.000,0.000,0.000,area_weighted,Low (<10%)
ECU.3_1,0.650,0.000,0.000,1.000,0.000,0.000,0.000,0.000,area_weighted,Low (<10%)
ECU.4_1,0.000,0.000,0.000,1.000,0.000,0.000,0.000,0.000,area_weighted,Low (<10%)
ECU.5_1,0.000,0.000,0.000,1.000,0.000,0.000,0.000,0.000,area_weighted,Low (<10%)
ECU.6_1,0.000,0.000,0.000,1.000,0.000,0.000,0.000,0.000,area_weighted,Low (<10%)
ECU.7_1,1.092,0.000,0.000,0.749,0.251,0.000,0.000,0.000,area_weighted,Low - Medium (10-20%)
ECU.8_1,0.132,0.000,0.000,0.883,0.117,0.000,0.000,0.000,area_weighted,Low (<10%)
ECU.9_1,,1.000,0.000,0.000,0.000,0.000,0.000,0.000,area_weighted,Arid and Low Water Use
EGY.10_1,4.759,0.751,0.000,0.000,0.000,0.000,0.000,0.249,area_weighted,Arid and Low Water Use
EGY.11_1,5.000,0.089,0.000,0.000,0.000,0.000,0.000,0.911,area_weighted,Extremely High (>80%)
EGY.12_1,5.000,0.000,0.000,0.000,0.000,0.000,0.000,1.000,area_weighted,Extremely High (>80%)
EGY.13_1,3.437,0.000,0.000,0.000,0.000,0.000,1.000,0.000,area_weighted,High (40-80%)
EGY.14_1,4.277,0.952,0.000,0.003,0.000,0.000,0.012,0.034,area_weighted,Arid and Low Water Use
EGY.15_1,5.000,0.542,0.000,0.000,0.000,0.000,0.000,0.458,area_weighted,Arid and Low Water Use
EGY.16_1,5.000,0.000,0.000,0.000,0.000,0.000,0.000,1.000,area_weighted,Extremely High (>80%)
EGY.17_1,0.898,0.161,0.000,0.638,0.000,0.000,0.160,0.041,area_weighted,Low (<10%)
EGY.18_1,4.362,0.257,0.000,0.000,0.000,0.000,0.000,0.743,area_weighted,Extremely High (>80%)
EGY.19_1,5.000,0.085,0.000,0.000,0.000,0.000,0.000,0.915,area_weighted,Extremely High (>80%)
EGY.1_1,5.000,0.000,0.000,0.000,0.000,0.000,0.000,1.000,area_weighted,Extremely High (>80%)
EGY.20_1,5.000,0.000,0.002,0.000,0.000,0.000,0.000,0.998,area_weighted,Extremely High (>80%)
EGY.21_1,5.000,0.000,0.000,0.000,0.000,0.000,0.000,1.000,area_weighted,Extremely High (>80%)
EGY.22_1,0.789,0.997,0.000,0.003,0.000,0.000,0.000,0.000,area_weighted,Arid and Low Water Use
EGY.23_1,5.000,0.000,0.000,0.000,0.000,0.000,0.000,1.000,area_weighted,Extremely High (>80%)
EGY.24_1,4.991,0.836,0.000,0.000,0.000,0.000,0.000,0.164,area_weighted,Arid and Low Water Use
EGY.25_1,3.699,0.261,0.000,0.000,0.000,0.000,0.615,0.124,area_weighted,High (40-80%)
EGY.26_1,4.136,0.604,0.000,0.081,0.000,0.000,0.000,0.315,area_weighted,Arid and Low Water Use
EGY.27_1,4.810,0.201,0.000,0.000,0.000,0.000,0.000,0.799,area_weighted,Extremely High (>80%)
EGY.2_1,3.977,0.649,0.000,0.031,0.000,0.000,0.129,0.191,area_weighted,Arid and Low Water Use
EGY.3_1,5.000,0.118,0.000,0.000,0.000,0.000,0.000,0.882,area_weighted,Extremely High (>80%)
EGY.4_1,5.000,0.000,0.000,0.000,0.000,0.000,0.000,1.000,area_weighted,Extremely High (>80%)
EGY.5_1,5.000,0.000,0.000,0.000,0.000,0.000,0.000,1.000,area_weighted,Extremely High (>80%)
EGY.6_1,5.000,0.038,0.000,0.000,0.000,0.000,0.000,0.962,area_weighted,Extremely High (>80%)
EGY.7_1,5.000,0.000,0.000,0.000,0.000,0.000,0.000,1.000,area_weighted,Extremely High (>80%)
EGY.8_1,5.000,0.626,0.000,0.000,0.000,0.000,0.000,0.374,area_weighted,Arid and Low Water Use
EGY.9_1,5.000,0.000,0.000,0.000,0.000,0.000,0.000,1.000,area_weighted,Extremely High (>80%)
ERI.1_1,4.160,0.128,0.000,0.000,0.186,0.021,0.000,0.665,area_weighted,Extremely High (>80%)
ERI.2_1,1.352,0.374,0.000,0.359,0.103,0.052,0.000,0.111,area_weighted,Low - Medium (10-20%)
ERI.3_1,0.000,0.847,0.000,0.153,0.000,0.000,0.000,0.000,area_weighted,Arid and Low Water Use
ERI.4_1,3.633,0.408,0.000,0.181,0.000,0.000,0.000,0.411,area_weighted,High (40-80%)
ERI.5_1,4.138,0.065,0.000,0.056,0.138,0.000,0.000,0.741,area_weighted,Extremely High (>80%)
ERI.6_1,4.203,0.142,0.000,0.127,0.000,0.019,0.000,0.712,area_weighted,Extremely High (>80%)
ESH.1_1,,1.000,0.000,0.000,0.000,0.000,0.000,0.000,area_weighted,Arid and Low Water Use
ESH.2_1,2.047,0.841,0.000,0.062,0.000,0.000,0.097,0.000,area_weighted,Arid and Low Water Use
ESH.3_1,2.885,0.647,0.000,0.043,0.000,0.039,0.271,0.000,area_weighted,Arid and Low Water Use
ESH.4_1,,1.000,0.000,0.000,0.000,0.000,0.000,0.000,area_weighted,Arid and Low Water Use
ETH.10_1,0.064,0.000,0.000,0.999,0.000,0.001,0.000,0.000,area_weighted,Low (<10%)
ETH.11_1,1.120,0.025,0.000,0.664,0.102,0.000,0.097,0.111,area_weighted,Low - Medium (10-20%)
ETH.1_1,2.075,0.000,0.000,0.000,0.000,1.000,0.000,0.000,area_weighted,Medium - High (20-40%)
ETH.2_1,0.202,0.094,0.000,0.869,0.032,0.005,0.000,0.000,area_weighted,Low (<10%)
ETH.3_1,0.147,0.000,0.000,0.917,0.077,0.006,0.000,0.000,area_weighted,Low (<10%)
ETH.4_1,0.000,0.000,0.000,1.000,0.000,0.000,0.000,0.000,area_weighted,Low (<10%)
ETH.5_1,0.022,0.000,0.000,0.994,0.000,0.000,0.006,0.000,area_weighted,Low (<10%)
ETH.6_1,0.000,0.000,0.000,1.000,0.000,0.000,0.000,0.000,area_weighted,Low (<10%)
ETH.7_1,3.498,0.002,0.000,0.000,0.000,0.000,0.998,0.000,area_weighted,High (40-80%)
ETH.8_1,0.295,0.040,0.000,0.862,0.000,0.066,0.033,0.000,area_weighted,Low (<10%)
ETH.9_1,0.728,0.411,0.000,0.476,0.000,0.016,0.052,0.046,area_weighted,Low (<10%)
FJI.1_1,0.000,0.000,0.000,1.000,0.000,0.000,0.000,0.000,area_weighted,Low (<10%)
FJI.2_1,0.000,0.000,0.000,1.000,0.000,0.000,0.000,0.000,area_weighted,Low (<10%)
FJI.3_1,0.000,0.000,0.000,1.000,0.000,0.000,0.000,0.000,area_weighted,Low (<10%)
FJI.5_1,0.000,0.000,0.000,1.000,0.000,0.000,0.000,0.000,area_weighted,Low (<10%)
GAB.1_1,0.000,0.000,0.000,1.000,0.000,0.000,0.000,0.000,area_weighted,Low (<10%)
GAB.2_1,0.000,0.000,0.000,1.000,0.000,0.000,0.000,0.000,area_weighted,Low (<10%)
GAB.3_1,0.000,0.000,0.000,1.000,0.000,0.000,0.000,0.000,area_weighted,Low (<10%)
GAB.4_1,0.000,0.000,0.000,1.000,0.000,0.000,0.000,0.000,area_weighted,Low (<10%)
GAB.5_1,0.000,0.000,0.000,1.000,0.000,0.000,0.000,0.000,area_weighted,Low (<10%)
GAB.6_1,0.000,0.000,0.000,1.000,0.000,0.000,0.000,0.000,area_weighted,Low (<10%)
GAB.7_1,0.000,0.000,0.000,1.000,0.000,0.000,0.000,0.000,area_weighted,Low (<10%)
GAB.8_1,0.000,0.000,0.000,1.000,0.000,0.000,0.000,0.000,area_weighted,Low (<10%)
GAB.9_1,0.000,0.000,0.000,1.000,0.000,0.000,0.000,0.000,area_weighted,Low (<10%)
GEO.10_1,1.692,0.000,0.000,0.002,0.995,0.002,0.000,0.000,area_weighted,Low - Medium (10-20%)
GEO.11_1,1.650,0.000,0.000,0.024,0.976,0.000,0.000,0.000,area_weighted,Low - Medium (10-20%)
GEO.12_1,1.689,0.000,0.000,0.000,1.000,0.000,0.000,0.000,area_weighted,Low - Medium (10-20%)
GEO.1_1,0.045,0.000,0.000,1.000,0.000,0.000,0.000,0.000,area_weighted,Low (<10%)
GEO.2_1,0.078,0.000,0.000,0.954,0.046,0.000,0.000,0.000,area_weighted,Low (<10%)
GEO.3_1,0.007,0.000,0.000,0.996,0.004,0.000,0.000,0.000,area_weighted,Low (<10%)
GEO.4_1,0.034,0.000,0.000,0.980,0.020,0.000,0.000,0.000,area_weighted,Low (<10%)
GEO.5_1,1.252,0.000,0.000,0.419,0.003,0.578,0.000,0.000,area_weighted,Low - Medium (10-20%)
GEO.6_1,1.641,0.000,0.000,0.094,0.906,0.000,0.000,0.000,area_weighted,Low - Medium (10-20%)
GEO.7_1,1.318,0.000,0.000,0.257,0.731,0.012,0.000,0.000,area_weighted,Low - Medium (10-20%)
GEO.8_1,0.012,0.000,0.000,0.993,0.007,0.000,0.000,0.000,area_weighted,Low (<10%)
GEO.9_1,0.002,0.000,0.000,1.000,0.000,0.000,0.000,0.000,area_weighted,Low (<10%)
GHA10_2,0.000,0.000,0.000,1.000,0.000,0.000,0.000,0.000,area_weighted,Low (<10%)
GHA11_2,0.000,0.000,0.000,1.000,0.000,0.000,0.000,0.000,area_weighted,Low (<10%)
GHA12_2,0.001,0.033,0.000,0.967,0.000,0.000,0.000,0.000,area_weighted,Low (<10%)
GHA13_2,0.000,0.000,0.000,1.000,0.000,0.000,0.000,0.000,area_weighted,Low (<10%)
GHA14_2,0.000,0.000,0.000,1.000,0.000,0.000,0.000,0.000,area_weighted,Low (<10%)
GHA15_2,0.001,0.000,0.000,1.000,0.000,0.000,0.000,0.000,area_weighted,Low (<10%)
GHA16_2,0.000,0.000,0.000,1.000,0.000,0.000,0.000,0.000,area_weighted,Low (<10%)
GHA1_2,0.000,0.000,0.000,1.000,0.000,0.000,0.000,0.000,area_weighted,Low (<10%)
GHA2_2,0.000,0.000,0.000,1.000,0.000,0.000,0.000,0.000,area_weighted,Low (<10%)
GHA3_2,0.000,0.000,0.000,1.000,0.000,0.000,0.000,0.000,area_weighted,Low (<10%)
GHA4_2,0.000,0.000,0.001,0.999,0.000,0.000,0.000,0.000,area_weighted,Low (<10%)
GHA5_2,0.397,0.000,0.000,1.000,0.000,0.000,0.000,0.000,area_weighted,Low (<10%)
GHA6_2,0.046,0.000,0.000,1.000,0.000,0.000,0.000,0.000,area_weighted,Low (<10%)
GHA7_2,0.027,0.000,0.000,1.000,0.000,0.000,0.000,0.000,area_weighted,Low (<10%)
GHA8_2,0.222,0.000,0.000,1.000,0.000,0.000,0.000,0.000,area_weighted,Low (<10%)
GHA9_2,0.091,0.000,0.000,1.000,0.000,0.000,0.000,0.000,area_weighted,Low (<10%)
GIN.1_1,0.779,0.000,0.000,0.647,0.000,0.353,0.000,0.000,area_weighted,Low (<10%)
GIN.2_1,0.000,0.000,0.000,1.000,0.000,0.000,0.000,0.000,area_weighted,Low (<10%)
GIN.3_1,0.000,0.000,0.000,1.000,0.000,0.000,0.000,0.000,area_weighted,Low (<10%)
GIN.4_1,0.000,0.000,0.000,1.000,0.000,0.000,0.000,0.000,area_weighted,Low (<10%)
GIN.5_1,0.276,0.000,0.000,0.874,0.000,0.126,0.000,0.000,area_weighted,Low (<10%)
GIN.6_1,0.000,0.000,0.000,1.000,0.000,0.000,0.000,0.000,area_weighted,Low (<10%)
GIN.7_1,0.000,0.000,0.000,1.000,0.000,0.000,0.000,0.000,area_weighted,Low (<10%)
GIN.8_1,0.000,0.000,0.000,1.000,0.000,0.000,0.000,0.000,area_weighted,Low (<10%)
GLP.1_1,0.533,0.000,0.000,1.000,0.000,0.000,0.000,0.000,area_weighted,Low (<10%)
GLP.2_1,0.533,0.000,0.000,1.000,0.000,0.000,0.000,0.000,area_weighted,Low (<10%)
GMB.1_1,0.000,0.000,0.000,1.000,0.000,0.000,0.000,0.000,area_weighted,Low (<10%)
GMB.2_1,0.000,0.000,0.000,1.000,0.000,0.000,0.000,0.000,area_weighted,Low (<10%)
GMB.3_1,0.000,0.028,0.000,0.972,0.000,0.000,0.000,0.000,area_weighted,Low (<10%)
GMB.4_1,0.000,0.000,0.000,1.000,0.000,0.000,0.000,0.000,area_weighted,Low (<10%)
GMB.5_1,0.000,0.057,0.000,0.943,0.000,0.000,0.000,0.000,area_weighted,Low (<10%)
GMB.6_1,0.005,0.000,0.000,0.998,0.000,0.002,0.000,0.000,area_weighted,Low (<10%)
GNB.1_1,0.284,0.000,0.001,0.954,0.000,0.045,0.000,0.000,area_weighted,Low (<10%)
GNB.2_1,0.000,0.000,0.000,1.000,0.000,0.000,0.000,0.000,area_weighted,Low (<10%)
GNB.3_1,0.000,0.000,0.000,1.000,0.000,0.000,0.000,0.000,area_weighted,Low (<10%)
GNB.4_1,0.142,0.000,0.000,1.000,0.000,0.000,0.000,0.000,area_weighted,Low (<10%)
GNB.5_1,0.617,0.000,0.000,0.615,0.369,0.016,0.000,0.000,area_weighted,Low (<10%)
GNB.6_1,0.126,0.000,0.000,1.000,0.000,0.000,0.000,0.000,area_weighted,Low (<10%)
GNB.7_1,0.078,0.000,0.000,0.974,0.000,0.026,0.000,0.000,area_weighted,Low (<10%)
GNB.8_1,0.109,0.000,0.000,1.000,0.000,0.000,0.000,0.000,area_weighted,Low (<10%)
GNB.9_1,0.115,0.000,0.000,1.000,0.000,0.000,0.000,0.000,area_weighted,Low (<10%)
GNQ.1_1,0.000,0.000,0.000,1.000,0.000,0.000,0.000,0.000,area_weighted,Low (<10%)
GNQ.2_1,0.000,0.000,0.000,1.000,0.000,0.000,0.000,0.000,area_weighted,Low (<10%)
GNQ.3_1,0.000,0.000,0.000,1.000,0.000,0.000,0.000,0.000,area_weighted,Low (<10%)
GNQ.4_1,0.000,0.000,0.000,1.000,0.000,0.000,0.000,0.000,area_weighted,Low (<10%)
GNQ.5_1,0.000,0.000,0.000,1.000,0.000,0.000,0.000,0.000,area_weighted,Low (<10%)
GNQ.6_1,0.000,0.000,0.000,1.000,0.000,0.000,0.000,0.000,area_weighted,Low (<10%)
GNQ.7_1,0.000,0.000,0.000,1.000,0.000,0.000,0.000,0.000,area_weighted,Low (<10%)
GRD.1_1,1.076,0.000,0.000,0.000,1.000,0.000,0.000,0.000,area_weighted,Low - Medium (10-20%)
GRD.2_1,1.076,0.000,0.000,0.000,1.000,0.000,0.000,0.000,area_weighted,Low - Medium (10-20%)
GRD.3_1,1.076,0.000,0.000,0.000,1.000,0.000,0.000,0.000,area_weighted,Low - Medium (10-20%)
GRD.4_1,1.076,0.000,0.000,0.000,1.000,0.000,0.000,0.000,area_weighted,Low - Medium (10-20%)
GRD.5_1,1.076,0.000,0.000,0.000,1.000,0.000,0.000,0.000,area_weighted,Low - Medium (10-20%)
GRD.6_1,1.076,0.000,0.000,0.000,1.000,0.000,0.000,0.000,area_weighted,Low - Medium (10-20%)
GRD.7_1,1.076,0.000,0.000,0.000,1.000,0.000,0.000,0.000,area_weighted,Low - Medium (10-20%)
GTM.10_1,0.481,0.000,0.000,0.694,0.306,0.000,0.000,0.000,area_weighted,Low (<10%)
GTM.11_1,1.143,0.000,0.000,0.148,0.852,0.000,0.000,0.000,area_weighted,Low - Medium (10-20%)
GTM.12_1,0.046,0.000,0.000,1.000,0.000,0.000,0.000,0.000,area_weighted,Low (<10%)
GTM.13_1,0.792,0.000,0.000,1.000,0.000,0.000,0.000,0.000,area_weighted,Low (<10%)
GTM.14_1,0.001,0.000,0.000,1.000,0.000,0.000,0.000,0.000,area_weighted,Low (<10%)
GTM.15_1,0.914,0.000,0.000,1.000,0.000,0.000,0.000,0.000,area_weighted,Low (<10%)
GTM.16_1,1.934,0.000,0.000,0.168,0.198,0.634,0.000,0.000,area_weighted,Low - Medium (10-20%)
GTM.17_1,0.600,0.000,0.000,1.000,0.000,0.000,0.000,0.000,area_weighted,Low (<10%)
GTM.18_1,1.719,0.000,0.000,0.034,0.876,0.000,0.000,0.089,area_weighted,Low - Medium (10-20%)
GTM.19_1,0.340,0.000,0.000,0.887,0.000,0.113,0.000,0.000,area_weighted,Low (<10%)
GTM.1_1,0.000,0.000,0.000,1.000,0.000,0.000,0.000,0.000,area_weighted,Low (<10%)
GTM.20_1,0.822,0.000,0.000,0.852,0.000,0.148,0.000,0.000,area_weighted,Low (<10%)
GTM.21_1,0.245,0.000,0.000,1.000,0.000,0.000,0.000,0.000,area_weighted,Low (<10%)
GTM.22_1,0.000,0.000,0.000,1.000,0.000,0.000,0.000,0.000,area_weighted,Low (<10%)
GTM.2_1,0.000,0.000,0.000,1.000,0.000,0.000,0.000,0.000,area_weighted,Low (<10%)
GTM.3_1,1.302,0.000,0.000,0.495,0.000,0.505,0.000,0.000,area_weighted,Low - Medium (10-20%)
GTM.4_1,0.401,0.000,0.000,0.747,0.253,0.000,0.000,0.000,area_weighted,Low (<10%)
GTM.5_1,0.000,0.000,0.000,1.000,0.000,0.000,0.000,0.000,area_weighted,Low (<10%)
GTM.6_1,2.192,0.000,0.000,0.041,0.268,0.689,0.000,0.001,area_weighted,Medium - High (20-40%)
GTM.7_1,0.547,0.000,0.000,0.638,0.362,0.000,0.000,0.000,area_weighted,Low (<10%)
GTM.8_1,0.751,0.000,0.000,0.589,0.411,0.000,0.000,0.000,area_weighted,Low (<10%)
GTM.9_1,0.000,0.000,0.000,1.000,0.000,0.000,0.000,0.000,area_weighted,Low (<10%)
GUF.1_1,0.000,0.000,0.000,1.000,0.000,0.000,0.000,0.000,area_weighted,Low (<10%)
GUF.2_1,0.018,0.000,0.000,0.995,0.000,0.000,0.005,0.000,area_weighted,Low (<10%)
GUY.10_1,0.000,0.000,0.000,1.000,0.000,0.000,0.000,0.000,area_weighted,Low (<10%)
GUY.1_1,0.000,0.000,0.000,1.000,0.000,0.000,0.000,0.000,area_weighted,Low (<10%)
GUY.2_1,0.000,0.000,0.000,1.000,0.000,0.000,0.000,0.000,area_weighted,Low (<10%)
GUY.3_1,2.141,0.000,0.000,0.343,0.000,0.000,0.657,0.000,area_weighted,Medium - High (20-40%)
GUY.4_1,0.268,0.000,0.000,0.935,0.000,0.000,0.000,0.065,area_weighted,Low (<10%)
GUY.5_1,0.567,0.000,0.000,0.661,0.338,0.000,0.000,0.000,area_weighted,Low (<10%)
GUY.6_1,1.313,0.000,0.000,0.642,0.000,0.000,0.358,0.001,area_weighted,Low - Medium (10-20%)
GUY.7_1,0.000,0.000,0.000,1.000,0.000,0.000,0.000,0.000,area_weighted,Low (<10%)
GUY.8_1,0.000,0.000,0.000,1.000,0.000,0.000,0.000,0.000,area_weighted,Low (<10%)
GUY.9_1,0.010,0.000,0.000,0.994,0.006,0.000,0.000,0.000,area_weighted,Low (<10%)
HND.10_1,0.831,0.000,0.000,0.476,0.524,0.000,0.000,0.000,area_weighted,Low (<10%)
HND.11_1,0.000,0.000,0.000,1.000,0.000,0.000,0.000,0.000,area_weighted,Low (<10%)
HND.12_1,0.640,0.000,0.000,0.666,0.334,0.000,0.000,0.000,area_weighted,Low (<10%)
HND.13_1,0.895,0.000,0.000,0.436,0.564,0.000,0.000,0.000,area_weighted,Low (<10%)
HND.14_1,0.763,0.000,0.000,0.519,0.481,0.000,0.000,0.000,area_weighted,Low (<10%)
HND.15_1,0.000,0.000,0.000,1.000,0.000,0.000,0.000,0.000,area_weighted,Low (<10%)
HND.16_1,0.029,0.000,0.000,1.000,0.000,0.000,0.000,0.000,area_weighted,Low (<10%)
HND.17_1,0.328,0.000,0.000,1.000,0.000,0.000,0.000,0.000,area_weighted,Low (<10%)
HND.18_1,0.000,0.000,0.000,1.000,0.000,0.000,0.000,0.000,area_weighted,Low (<10%)
HND.1_1,0.000,0.000,0.000,1.000,0.000,0.000,0.000,0.000,area_weighted,Low (<10%)
HND.2_1,0.254,0.000,0.000,1.000,0.000,0.000,0.000,0.000,area_weighted,Low (<10%)
HND.3_1,0.000,0.000,0.000,1.000,0.000,0.000,0.000,0.000,area_weighted,Low (<10%)
HND.4_1,0.010,0.000,0.000,1.000,0.000,0.000,0.000,0.000,area_weighted,Low (<10%)
HND.5_1,0.019,0.000,0.000,1.000,0.000,0.000,0.000,0.000,area_weighted,Low (<10%)
HND.6_1,0.038,0.000,0.000,1.000,0.000,0.000,0.000,0.000,area_weighted,Low (<10%)
HND.7_1,0.109,0.000,0.000,1.000,0.000,0.000,0.000,0.000,area_weighted,Low (<10%)
HND.8_1,0.167,0.000,0.000,1.000,0.000,0.000,0.000,0.000,area_weighted,Low (<10%)
HND.9_1,0.000,0.000,0.000,1.000,0.000,0.000,0.000,0.000,area_weighted,Low (<10%)
HTI.10_1,1.604,0.000,0.000,0.000,1.000,0.000,0.000,0.000,area_weighted,Low - Medium (10-20%)
HTI.1_1,1.604,0.000,0.000,0.000,1.000,0.000,0.000,0.000,area_weighted,Low - Medium (10-20%)
HTI.2_1,1.604,0.000,0.000,0.000,1.000,0.000,0.000,0.000,area_weighted,Low - Medium (10-20%)
HTI.3_1,1.604,0.000,0.000,0.000,1.000,0.000,0.000,0.000,area_weighted,Low - Medium (10-20%)
HTI.4_1,1.604,0.000,0.000,0.000,1.000,0.000,0.000,0.000,area_weighted,Low - Medium (10-20%)
HTI.5_1,1.604,0.000,0.000,0.000,1.000,0.000,0.000,0.000,area_weighted,Low - Medium (10-20%)
HTI.6_1,1.604,0.000,0.000,0.000,1.000,0.000,0.000,0.000,area_weighted,Low - Medium (10-20%)
HTI.7_1,1.604,0.000,0.000,0.000,1.000,0.000,0.000,0.000,area_weighted,Low - Medium (10-20%)
HTI.8_1,1.384,0.000,0.000,0.137,0.863,0.000,0.000,0.000,area_weighted,Low - Medium (10-20%)
HTI.9_1,1.604,0.000,0.000,0.000,1.000,0.000,0.000,0.000,area_weighted,Low - Medium (10-20%)
IDN.10_1,3.734,0.000,0.001,0.000,0.000,0.000,0.506,0.492,area_weighted,High (40-80%)
IDN.11_1,3.343,0.001,0.000,0.018,0.040,0.231,0.591,0.120,area_weighted,High (40-80%)
IDN.12_1,0.001,0.000,0.000,1.000,0.000,0.000,0.000,0.000,area_weighted,Low (<10%)
IDN.13_1,0.123,0.000,0.000,1.000,0.000,0.000,0.000,0.000,area_weighted,Low (<10%)
IDN.14_1,0.001,0.000,0.000,1.000,0.000,0.000,0.000,0.000,area_weighted,Low (<10%)
IDN.16_1,0.396,0.000,0.000,1.000,0.000,0.000,0.000,0.000,area_weighted,Low (<10%)
IDN.17_1,1.814,0.000,0.000,0.171,0.289,0.540,0.000,0.000,area_weighted,Low - Medium (10-20%)
IDN.18_1,0.000,0.000,0.001,0.999,0.000,0.000,0.000,0.000,area_weighted,Low (<10%)
IDN.19_1,0.347,0.097,0.001,0.803,0.000,0.005,0.094,0.000,area_weighted,Low (<10%)
IDN.1_1,0.454,0.000,0.000,0.854,0.146,0.000,0.000,0.000,area_weighted,Low (<10%)
IDN.20_1,4.993,0.000,0.000,0.001,0.000,0.000,0.000,0.999,area_weighted,Extremely High (>80%)
IDN.21_1,0.987,0.000,0.000,0.452,0.538,0.000,0.010,0.000,area_weighted,Low (<10%)
IDN.22_1,0.000,0.000,0.000,1.000,0.000,0.000,0.000,0.000,area_weighted,Low (<10%)
IDN.23_1,0.000,0.000,0.000,1.000,0.000,0.000,0.000,0.000,area_weighted,Low (<10%)
IDN.24_1,0.129,0.000,0.000,0.927,0.073,0.000,0.000,0.000,area_weighted,Low (<10%)
IDN.25_1,0.020,0.000,0.000,1.000,0.000,0.000,0.000,0.000,area_weighted,Low (<10%)
IDN.26_1,1.117,0.001,0.000,0.238,0.660,0.100,0.000,0.000,area_weighted,Low - Medium (10-20%)
IDN.27_1,0.356,0.000,0.000,0.983,0.004,0.013,0.000,0.000,area_weighted,Low (<10%)
IDN.28_1,1.094,0.000,0.000,0.181,0.819,0.000,0.000,0.000,area_weighted,Low - Medium (10-20%)
IDN.29_1,0.326,0.000,0.000,1.000,0.000,0.000,0.000,0.000,area_weighted,Low (<10%)
IDN.2_1,3.916,0.000,0.000,0.037,0.000,0.000,0.000,0.963,area_weighted,High (40-80%)
IDN.30_1,0.092,0.000,0.000,0.943,0.050,0.000,0.007,0.000,area_weighted,Low (<10%)
IDN.31_1,0.061,0.000,0.000,0.951,0.045,0.005,0.000,0.000,area_weighted,Low (<10%)
IDN.32_1,0.400,0.000,0.000,0.876,0.124,0.000,0.000,0.000,area_weighted,Low (<10%)
IDN.33_1,3.265,0.000,0.000,0.000,0.000,0.000,1.000,0.000,area_weighted,High (40-80%)
IDN.34_1,0.000,0.000,0.000,1.000,0.000,0.000,0.000,0.000,area_weighted,Low (<10%)
IDN.35_1,0.000,0.000,0.000,1.000,0.000,0.000,0.000,0.000,area_weighted,Low (<10%)
IDN.3_1,0.000,0.000,0.000,1.000,0.000,0.000,0.000,0.000,area_weighted,Low (<10%)
IDN.4_1,3.182,0.000,0.000,0.000,0.000,0.000,1.000,0.000,area_weighted,High (40-80%)
IDN.5_1,0.273,0.000,0.000,1.000,0.000,0.000,0.000,0.000,area_weighted,Low (<10%)
IDN.6_1,0.373,0.000,0.000,1.000,0.000,0.000,0.000,0.000,area_weighted,Low (<10%)
IDN.7_1,3.182,0.000,0.000,0.000,0.000,0.000,1.000,0.000,area_weighted,High (40-80%)
IDN.8_1,0.349,0.000,0.000,0.919,0.000,0.000,0.081,0.000,area_weighted,Low (<10%)
IDN.9_1,3.529,0.000,0.000,0.000,0.000,0.000,0.682,0.318,area_weighted,High (40-80%)
IND.10_1,1.349,0.000,0.000,0.016,0.984,0.000,0.000,0.000,area_weighted,Low - Medium (10-20%)
IND.11_1,4.640,0.000,0.000,0.012,0.000,0.000,0.205,0.783,area_weighted,Extremely High (>80%)
IND.12_1,4.991,0.000,0.000,0.000,0.000,0.002,0.000,0.998,area_weighted,Extremely High (>80%)
IND.13_1,3.249,0.000,0.000,0.147,0.000,0.247,0.255,0.351,area_weighted,High (40-80%)
IND.15_1,1.910,0.000,0.000,0.356,0.174,0.165,0.281,0.023,area_weighted,Low - Medium (10-20%)
IND.16_1,3.428,0.000,0.000,0.077,0.016,0.237,0.360,0.309,area_weighted,High (40-80%)
IND.17_1,2.876,0.000,0.000,0.000,0.000,0.476,0.500,0.024,area_weighted,Medium - High (20-40%)
IND.19_1,4.071,0.000,0.000,0.013,0.016,0.184,0.157,0.631,area_weighted,Extremely High (>80%)
IND.1_1,0.000,0.000,0.000,1.000,0.000,0.000,0.000,0.000,area_weighted,Low (<10%)
IND.20_1,3.953,0.000,0.000,0.042,0.081,0.062,0.162,0.652,area_weighted,High (40-80%)
IND.21_1,0.975,0.000,0.000,0.694,0.000,0.003,0.303,0.000,area_weighted,Low (<10%)
IND.22_1,1.944,0.000,0.000,0.296,0.203,0.000,0.500,0.001,area_weighted,Low - Medium (10-20%)
IND.23_1,0.717,0.000,0.000,0.795,0.000,0.017,0.189,0.000,area_weighted,Low (<10%)
IND.24_1,0.953,0.000,0.000,0.622,0.000,0.378,0.000,0.000,area_weighted,Low (<10%)
IND.25_1,4.800,0.000,0.000,0.000,0.000,0.000,0.000,1.000,area_weighted,Extremely High (>80%)
IND.26_1,2.904,0.000,0.000,0.144,0.050,0.268,0.385,0.154,area_weighted,Medium - High (20-40%)
IND.27_1,3.574,0.000,0.000,0.000,0.000,0.281,0.322,0.397,area_weighted,High (40-80%)
IND.28_1,4.283,0.000,0.000,0.000,0.000,0.233,0.061,0.705,area_weighted,Extremely High (>80%)
IND.29_1,4.878,0.000,0.000,0.000,0.000,0.033,0.004,0.963,area_weighted,Extremely High (>80%)
IND.2_1,4.145,0.000,0.000,0.024,0.000,0.165,0.212,0.599,area_weighted,Extremely High (>80%)
IND.30_1,0.624,0.000,0.000,0.999,0.001,0.000,0.000,0.000,area_weighted,Low (<10%)
IND.31_1,4.005,0.000,0.000,0.000,0.012,0.219,0.070,0.700,area_weighted,Extremely High (>80%)
IND.32_1,3.621,0.000,0.000,0.099,0.109,0.091,0.243,0.459,area_weighted,High (40-80%)
IND.33_1,2.748,0.000,0.000,0.005,0.144,0.464,0.386,0.000,area_weighted,Medium - High (20-40%)
IND.34_1,4.681,0.000,0.000,0.001,0.029,0.043,0.006,0.921,area_weighted,Extremely High (>80%)
IND.35_1,2.606,0.000,0.000,0.328,0.208,0.001,0.000,0.464,area_weighted,Medium - High (20-40%)
IND.36_1,2.349,0.000,0.000,0.517,0.000,0.028,0.119,0.335,area_weighted,Medium - High (20-40%)
IND.3_1,0.000,0.000,0.000,1.000,0.000,0.000,0.000,0.000,area_weighted,Low (<10%)
IND.4_1,0.827,0.000,0.000,0.649,0.192,0.116,0.002,0.040,area_weighted,Low (<10%)
IND.5_1,3.635,0.000,0.000,0.021,0.123,0.149,0.396,0.312,area_weighted,High (40-80%)
IND.6_1,5.000,0.000,0.000,0.000,0.000,0.000,0.000,1.000,area_weighted,Extremely High (>80%)
IND.7_1,2.708,0.000,0.000,0.208,0.032,0.277,0.316,0.166,area_weighted,Medium - High (20-40%)
IND.8_1,3.609,0.000,0.000,0.000,0.000,0.000,1.000,0.000,area_weighted,High (40-80%)
IND.9_1,4.030,0.000,0.000,0.000,0.000,0.000,0.698,0.302,area_weighted,Extremely High (>80%)
IRN.10_1,4.993,0.000,0.000,0.000,0.000,0.000,0.000,1.000,area_weighted,Extremely High (>80%)
IRN.11_1,3.663,0.369,0.000,0.105,0.000,0.043,0.083,0.400,area_weighted,High (40-80%)
IRN.12_1,3.777,0.000,0.000,0.000,0.000,0.079,0.816,0.105,area_weighted,High (40-80%)
IRN.13_1,3.932,0.276,0.000,0.111,0.027,0.011,0.045,0.530,area_weighted,High (40-80%)
IRN.14_1,3.723,0.000,0.000,0.225,0.000,0.000,0.089,0.686,area_weighted,High (40-80%)
IRN.15_1,3.488,0.000,0.000,0.077,0.000,0.215,0.284,0.424,area_weighted,High (40-80%)
IRN.16_1,4.189,0.000,0.000,0.027,0.000,0.000,0.392,0.581,area_weighted,Extremely High (>80%)
IRN.17_1,4.284,0.000,0.000,0.002,0.000,0.241,0.000,0.757,area_weighted,Extremely High (>80%)
IRN.18_1,4.555,0.000,0.000,0.000,0.000,0.062,0.074,0.864,area_weighted,Extremely High (>80%)
IRN.19_1,4.985,0.000,0.000,0.004,0.000,0.000,0.000,0.996,area_weighted,Extremely High (>80%)
IRN.1_1,4.108,0.000,0.000,0.000,0.223,0.009,0.000,0.768,area_weighted,Extremely High (>80%)
IRN.20_1,2.835,0.000,0.000,0.000,0.012,0.925,0.000,0.063,area_weighted,Medium - High (20-40%)
IRN.21_1,3.720,0.102,0.000,0.181,0.071,0.000,0.000,0.646,area_weighted,High (40-80%)
IRN.22_1,4.090,0.000,0.000,0.000,0.218,0.002,0.040,0.739,area_weighted,Extremely High (>80%)
IRN.23_1,3.894,0.003,0.000,0.264,0.000,0.000,0.000,0.732,area_weighted,High (40-80%)
IRN.24_1,4.846,0.031,0.000,0.023,0.000,0.002,0.019,0.925,area_weighted,Extremely High (>80%)
IRN.25_1,3.744,0.307,0.000,0.137,0.046,0.006,0.000,0.504,area_weighted,High (40-80%)
IRN.26_1,3.394,0.291,0.000,0.176,0.008,0.000,0.149,0.377,area_weighted,High (40-80%)
IRN.27_1,4.903,0.555,0.000,0.000,0.000,0.000,0.000,0.445,area_weighted,Arid and Low Water Use
IRN.28_1,4.851,0.000,0.000,0.004,0.000,0.042,0.000,0.954,area_weighted,Extremely High (>80%)
IRN.29_1,4.191,0.000,0.000,0.000,0.000,0.222,0.170,0.608,area_weighted,Extremely High (>80%)
IRN.2_1,3.800,0.000,0.000,0.091,0.144,0.000,0.215,0.550,area_weighted,High (40-80%)
IRN.30_1,4.956,0.506,0.000,0.004,0.000,0.000,0.000,0.489,area_weighted,Arid and Low Water Use
IRN.31_1,4.717,0.000,0.000,0.000,0.015,0.016,0.149,0.820,area_weighted,Extremely High (>80%)
IRN.3_1,4.074,0.153,0.000,0.006,0.000,0.221,0.003,0.617,area_weighted,Extremely High (>80%)
IRN.4_1,4.537,0.000,0.000,0.079,0.000,0.022,0.000,0.899,area_weighted,Extremely High (>80%)
IRN.5_1,4.164,0.000,0.000,0.002,0.135,0.119,0.030,0.714,area_weighted,Extremely High (>80%)
IRN.6_1,4.579,0.225,0.000,0.012,0.083,0.000,0.000,0.679,area_weighted,Extremely High (>80%)
IRN.7_1,4.765,0.150,0.000,0.001,0.000,0.028,0.101,0.719,area_weighted,Extremely High (>80%)
IRN.8_1,2.462,0.000,0.000,0.000,0.560,0.242,0.028,0.170,area_weighted,Medium - High (20-40%)
IRN.9_1,3.491,0.000,0.000,0.138,0.065,0.226,0.000,0.572,area_weighted,High (40-80%)
IRQ.10_1,4.052,0.000,0.000,0.000,0.000,0.000,0.254,0.746,area_weighted,Extremely High (>80%)
IRQ.11_1,4.270,0.000,0.000,0.004,0.000,0.226,0.025,0.745,area_weighted,Extremely High (>80%)
IRQ.12_1,2.336,0.000,0.000,0.000,0.377,0.263,0.360,0.000,area_weighted,Medium - High (20-40%)
IRQ.13_1,3.553,0.000,0.000,0.149,0.000,0.000,0.476,0.375,area_weighted,High (40-80%)
IRQ.14_1,3.452,0.000,0.000,0.306,0.000,0.004,0.000,0.690,area_weighted,High (40-80%)
IRQ.15_1,4.152,0.000,0.000,0.000,0.000,0.000,0.735,0.265,area_weighted,Extremely High (>80%)
IRQ.16_1,2.158,0.000,0.000,0.253,0.007,0.400,0.282,0.057,area_weighted,Medium - High (20-40%)
IRQ.17_1,3.497,0.125,0.000,0.051,0.035,0.197,0.060,0.532,area_weighted,High (40-80%)
IRQ.18_1,4.108,0.000,0.000,0.000,0.000,0.000,0.684,0.316,area_weighted,Extremely High (>80%)
IRQ.1_1,2.488,0.487,0.000,0.165,0.090,0.033,0.020,0.206,area_weighted,Medium - High (20-40%)
IRQ.2_1,2.610,0.002,0.001,0.076,0.000,0.646,0.059,0.216,area_weighted,Medium - High (20-40%)
IRQ.3_1,4.019,0.193,0.000,0.000,0.000,0.331,0.000,0.476,area_weighted,Extremely High (>80%)
IRQ.4_1,4.991,0.000,0.000,0.000,0.000,0.000,0.000,1.000,area_weighted,Extremely High (>80%)
IRQ.5_1,4.994,0.211,0.000,0.000,0.000,0.000,0.000,0.789,area_weighted,Extremely High (>80%)
IRQ.6_1,3.048,0.000,0.000,0.049,0.000,0.248,0.700,0.002,area_weighted,High (40-80%)
IRQ.7_1,3.046,0.000,0.000,0.148,0.000,0.429,0.003,0.420,area_weighted,High (40-80%)
IRQ.8_1,3.517,0.000,0.000,0.030,0.000,0.359,0.000,0.611,area_weighted,High (40-80%)
IRQ.9_1,4.438,0.000,0.000,0.000,0.000,0.177,0.022,0.801,area_weighted,Extremely High (>80%)
JAM.10_1,0.000,0.000,0.000,1.000,0.000,0.000,0.000,0.000,area_weighted,Low (<10%)
JAM.11_1,0.000,0.000,0.000,1.000,0.000,0.000,0.000,0.000,area_weighted,Low (<10%)
JAM.12_1,0.000,0.000,0.000,1.000,0.000,0.000,0.000,0.000,area_weighted,Low (<10%)
JAM.13_1,0.000,0.000,0.000,1.000,0.000,0.000,0.000,0.000,area_weighted,Low (<10%)
JAM.14_1,0.000,0.000,0.000,1.000,0.000,0.000,0.000,0.000,area_weighted,Low (<10%)
JAM.1_1,0.000,0.000,0.000,1.000,0.000,0.000,0.000,0.000,area_weighted,Low (<10%)
JAM.2_1,0.000,0.000,0.000,1.000,0.000,0.000,0.000,0.000,area_weighted,Low (<10%)
JAM.3_1,0.000,0.000,0.000,1.000,0.000,0.000,0.000,0.000,area_weighted,Low (<10%)
JAM.4_1,0.000,0.000,0.000,1.000,0.000,0.000,0.000,0.000,area_weighted,Low (<10%)
JAM.5_1,0.000,0.000,0.000,1.000,0.000,0.000,0.000,0.000,area_weighted,Low (<10%)
JAM.6_1,0.000,0.000,0.000,1.000,0.000,0.000,0.000,0.000,area_weighted,Low (<10%)
JAM.7_1,0.000,0.000,0.000,1.000,0.000,0.000,0.000,0.000,area_weighted,Low (<10%)
JAM.8_1,0.000,0.000,0.000,1.000,0.000,0.000,0.000,0.000,area_weighted,Low (<10%)
JAM.9_1,0.000,0.000,0.000,1.000,0.000,0.000,0.000,0.000,area_weighted,Low (<10%)
JOR.10_1,5.000,0.913,0.000,0.000,0.000,0.000,0.000,0.087,area_weighted,Arid and Low Water Use
JOR.11_1,0.789,0.017,0.000,0.983,0.000,0.000,0.000,0.000,area_weighted,Low (<10%)
JOR.12_1,5.000,0.781,0.000,0.000,0.000,0.000,0.000,0.219,area_weighted,Arid and Low Water Use
JOR.1_1,5.000,0.000,0.000,0.000,0.000,0.000,0.000,1.000,area_weighted,Extremely High (>80%)
JOR.2_1,4.770,0.591,0.000,0.000,0.000,0.000,0.020,0.389,area_weighted,Arid and Low Water Use
JOR.3_1,0.789,0.785,0.000,0.215,0.000,0.000,0.000,0.000,area_weighted,Arid and Low Water Use
JOR.4_1,3.886,0.000,0.000,0.054,0.000,0.000,0.556,0.390,area_weighted,High (40-80%)
JOR.5_1,5.000,0.000,0.000,0.000,0.000,0.000,0.000,1.000,area_weighted,Extremely High (>80%)
JOR.6_1,5.000,0.000,0.000,0.000,0.000,0.000,0.000,1.000,area_weighted,Extremely High (>80%)
JOR.7_1,3.924,0.000,0.000,0.216,0.000,0.000,0.000,0.784,area_weighted,High (40-80%)
JOR.8_1,3.889,0.810,0.000,0.048,0.000,0.000,0.000,0.142,area_weighted,Arid and Low Water Use
JOR.9_1,4.041,0.000,0.000,0.005,0.000,0.000,0.536,0.459,area_weighted,Extremely High (>80%)
KAZ.10_1,0.639,0.163,0.000,0.649,0.086,0.063,0.039,0.000,area_weighted,Low (<10%)
KAZ.11_1,2.639,0.403,0.000,0.243,0.000,0.097,0.025,0.233,area_weighted,Medium - High (20-40%)
KAZ.12_1,2.695,0.339,0.000,0.272,0.000,0.012,0.119,0.258,area_weighted,Medium - High (20-40%)
KAZ.13_1,1.273,0.343,0.000,0.398,0.032,0.140,0.002,0.085,area_weighted,Low - Medium (10-20%)
KAZ.14_1,1.373,0.374,0.000,0.404,0.000,0.066,0.045,0.111,area_weighted,Low - Medium (10-20%)
KAZ.1_1,1.223,0.101,0.000,0.551,0.031,0.123,0.131,0.063,area_weighted,Low - Medium (10-20%)
KAZ.2_1,0.620,0.000,0.000,0.774,0.116,0.110,0.000,0.000,area_weighted,Low (<10%)
KAZ.3_1,2.264,0.663,0.000,0.147,0.017,0.045,0.000,0.129,area_weighted,Arid and Low Water Use
KAZ.4_1,1.533,0.497,0.000,0.347,0.000,0.000,0.000,0.156,area_weighted,Low - Medium (10-20%)
KAZ.5_1,0.498,0.161,0.000,0.711,0.060,0.068,0.000,0.000,area_weighted,Low (<10%)
KAZ.6_1,4.650,0.797,0.000,0.000,0.000,0.000,0.000,0.203,area_weighted,Arid and Low Water Use
KAZ.7_1,0.628,0.000,0.000,0.499,0.500,0.001,0.000,0.000,area_weighted,Low (<10%)
KAZ.8_1,0.933,0.033,0.000,0.536,0.125,0.293,0.000,0.014,area_weighted,Low (<10%)
KAZ.9_1,1.564,0.440,0.000,0.294,0.016,0.182,0.000,0.068,area_weighted,Low - Medium (10-20%)
KEN.10_1,0.099,0.292,0.000,0.708,0.000,0.000,0.000,0.000,area_weighted,Low (<10%)
KEN.11_1,0.000,0.000,0.000,1.000,0.000,0.000,0.000,0.000,area_weighted,Low (<10%)
KEN.12_1,0.000,0.000,0.000,1.000,0.000,0.000,0.000,0.000,area_weighted,Low (<10%)
KEN.13_1,0.876,0.000,0.000,0.852,0.148,0.000,0.000,0.000,area_weighted,Low (<10%)
KEN.14_1,0.241,0.424,0.000,0.486,0.090,0.000,0.000,0.000,area_weighted,Low (<10%)
KEN.15_1,1.429,0.000,0.000,0.002,0.998,0.000,0.000,0.000,area_weighted,Low - Medium (10-20%)
KEN.16_1,0.000,0.000,0.000,1.000,0.000,0.000,0.000,0.000,area_weighted,Low (<10%)
KEN.17_1,0.000,0.000,0.000,1.000,0.000,0.000,0.000,0.000,area_weighted,Low (<10%)
KEN.18_1,0.545,0.467,0.000,0.334,0.200,0.000,0.000,0.000,area_weighted,Low (<10%)
KEN.19_1,0.128,0.338,0.000,0.661,0.001,0.000,0.000,0.000,area_weighted,Low (<10%)
KEN.1_1,0.000,0.000,0.000,1.000,0.000,0.000,0.000,0.000,area_weighted,Low (<10%)
KEN.20_1,0.012,0.000,0.000,0.992,0.008,0.000,0.000,0.000,area_weighted,Low (<10%)
KEN.21_1,0.000,0.000,0.000,1.000,0.000,0.000,0.000,0.000,area_weighted,Low (<10%)
KEN.22_1,1.132,0.001,0.000,0.490,0.508,0.000,0.000,0.000,area_weighted,Low - Medium (10-20%)
KEN.23_1,0.470,0.335,0.000,0.467,0.198,0.000,0.000,0.000,area_weighted,Low (<10%)
KEN.24_1,0.000,0.706,0.000,0.294,0.000,0.000,0.000,0.000,area_weighted,Arid and Low Water Use
KEN.25_1,0.000,0.000,0.000,1.000,0.000,0.000,0.000,0.000,area_weighted,Low (<10%)
KEN.26_1,0.755,0.000,0.000,0.473,0.527,0.000,0.000,0.000,area_weighted,Low (<10%)
KEN.27_1,0.000,0.000,0.000,1.000,0.000,0.000,0.000,0.000,area_weighted,Low (<10%)
KEN.28_1,1.224,0.010,0.000,0.207,0.783,0.000,0.000,0.000,area_weighted,Low - Medium (10-20%)
KEN.29_1,1.432,0.000,0.000,0.000,1.000,0.000,0.000,0.000,area_weighted,Low - Medium (10-20%)
KEN.2_1,0.000,0.000,0.000,1.000,0.000,0.000,0.000,0.000,area_weighted,Low (<10%)
KEN.30_1,0.905,0.000,0.000,1.000,0.000,0.000,0.000,0.000,area_weighted,Low (<10%)
KEN.31_1,0.000,0.000,0.000,1.000,0.000,0.000,0.000,0.000,area_weighted,Low (<10%)
KEN.32_1,0.000,0.000,0.000,1.000,0.000,0.000,0.000,0.000,area_weighted,Low (<10%)
KEN.33_1,0.000,0.000,0.000,1.000,0.000,0.000,0.000,0.000,area_weighted,Low (<10%)
KEN.34_1,0.000,0.000,0.000,1.000,0.000,0.000,0.000,0.000,area_weighted,Low (<10%)
KEN.35_1,0.092,0.000,0.000,0.938,0.062,0.000,0.000,0.000,area_weighted,Low (<10%)
KEN.36_1,1.001,0.000,0.000,0.301,0.699,0.000,0.000,0.000,area_weighted,Low - Medium (10-20%)
KEN.37_1,0.000,0.000,0.000,1.000,0.000,0.000,0.000,0.000,area_weighted,Low (<10%)
KEN.38_1,0.000,0.000,0.000,1.000,0.000,0.000,0.000,0.000,area_weighted,Low (<10%)
KEN.39_1,0.465,0.275,0.000,0.566,0.160,0.000,0.000,0.000,area_weighted,Low (<10%)
KEN.3_1,0.006,0.000,0.000,1.000,0.000,0.000,0.000,0.000,area_weighted,Low (<10%)
KEN.40_1,0.561,0.284,0.000,0.436,0.281,0.000,0.000,0.000,area_weighted,Low (<10%)
KEN.41_1,1.432,0.000,0.000,0.000,1.000,0.000,0.000,0.000,area_weighted,Low - Medium (10-20%)
KEN.42_1,0.000,0.000,0.000,1.000,0.000,0.000,0.000,0.000,area_weighted,Low (<10%)
KEN.43_1,0.092,0.000,0.000,0.952,0.048,0.000,0.000,0.000,area_weighted,Low (<10%)
KEN.44_1,0.000,0.000,0.000,1.000,0.000,0.000,0.000,0.000,area_weighted,Low (<10%)
KEN.45_1,0.000,0.000,0.000,1.000,0.000,0.000,0.000,0.000,area_weighted,Low (<10%)
KEN.46_1,0.000,0.234,0.000,0.766,0.000,0.000,0.000,0.000,area_weighted,Low (<10%)
KEN.47_1,0.000,0.000,0.000,1.000,0.000,0.000,0.000,0.000,area_weighted,Low (<10%)
KEN.4_1,0.011,0.000,0.000,1.000,0.000,0.000,0.000,0.000,area_weighted,Low (<10%)
KEN.5_1,0.000,0.000,0.000,1.000,0.000,0.000,0.000,0.000,area_weighted,Low (<10%)
KEN.6_1,1.432,0.000,0.000,0.000,1.000,0.000,0.000,0.000,area_weighted,Low - Medium (10-20%)
KEN.7_1,0.124,0.324,0.000,0.617,0.059,0.000,0.000,0.000,area_weighted,Low (<10%)
KEN.8_1,0.000,0.000,0.000,1.000,0.000,0.000,0.000,0.000,area_weighted,Low (<10%)
KEN.9_1,0.153,0.002,0.000,0.891,0.107,0.000,0.000,0.000,area_weighted,Low (<10%)
KGZ.1_1,2.833,0.000,0.000,0.204,0.001,0.469,0.000,0.326,area_weighted,Medium - High (20-40%)
KGZ.2_1,3.763,0.000,0.000,0.000,0.000,0.000,1.000,0.000,area_weighted,High (40-80%)
KGZ.3_1,3.351,0.000,0.000,0.243,0.001,0.000,0.481,0.275,area_weighted,High (40-80%)
KGZ.4_1,1.703,0.000,0.000,0.129,0.507,0.363,0.000,0.001,area_weighted,Low - Medium (10-20%)
KGZ.5_1,1.472,0.000,0.000,0.521,0.123,0.223,0.131,0.001,area_weighted,Low - Medium (10-20%)
KGZ.6_1,2.892,0.000,0.000,0.000,0.000,1.000,0.000,0.000,area_weighted,Medium - High (20-40%)
KGZ.7_1,2.656,0.000,0.000,0.002,0.262,0.631,0.000,0.104,area_weighted,Medium - High (20-40%)
KGZ.8_1,3.804,0.000,0.000,0.001,0.061,0.105,0.000,0.833,area_weighted,High (40-80%)
KGZ.9_1,2.357,0.000,0.000,0.178,0.000,0.283,0.539,0.000,area_weighted,Medium - High (20-40%)
KHM.10_1,0.000,0.000,0.000,1.000,0.000,0.000,0.000,0.000,area_weighted,Low (<10%)
KHM.11_1,0.061,0.000,0.000,0.968,0.032,0.000,0.000,0.000,area_weighted,Low (<10%)
KHM.12_1,1.976,0.000,0.000,0.000,0.653,0.347,0.000,0.000,area_weighted,Low - Medium (10-20%)
KHM.13_1,0.045,0.000,0.000,0.976,0.024,0.000,0.000,0.000,area_weighted,Low (<10%)
KHM.14_1,0.028,0.000,0.000,0.984,0.016,0.000,0.000,0.000,area_weighted,Low (<10%)
KHM.15_1,1.363,0.000,0.000,0.000,0.985,0.013,0.001,0.001,area_weighted,Low - Medium (10-20%)
KHM.16_1,0.874,0.000,0.000,0.531,0.469,0.000,0.000,0.000,area_weighted,Low (<10%)
KHM.17_1,0.141,0.000,0.000,0.931,0.053,0.015,0.001,0.000,area_weighted,Low (<10%)
KHM.18_1,1.744,0.000,0.000,0.153,0.723,0.000,0.124,0.000,area_weighted,Low - Medium (10-20%)
KHM.19_1,2.974,0.000,0.000,0.021,0.536,0.000,0.000,0.444,area_weighted,Medium - High (20-40%)
KHM.1_1,3.216,0.000,0.000,0.000,0.149,0.357,0.000,0.494,area_weighted,High (40-80%)
KHM.20_1,0.000,0.000,0.000,1.000,0.000,0.000,0.000,0.000,area_weighted,Low (<10%)
KHM.21_1,1.212,0.000,0.000,0.428,0.318,0.000,0.254,0.000,area_weighted,Low - Medium (10-20%)
KHM.22_1,0.017,0.000,0.002,0.989,0.009,0.000,0.000,0.000,area_weighted,Low (<10%)
KHM.23_1,4.453,0.000,0.000,0.000,0.000,0.000,0.000,1.000,area_weighted,Extremely High (>80%)
KHM.24_1,1.864,0.000,0.000,0.000,1.000,0.000,0.000,0.000,area_weighted,Low - Medium (10-20%)
KHM.25_1,1.657,0.000,0.000,0.574,0.087,0.000,0.000,0.339,area_weighted,Low - Medium (10-20%)
KHM.2_1,1.588,0.000,0.000,0.348,0.162,0.442,0.000,0.048,area_weighted,Low - Medium (10-20%)
KHM.3_1,0.639,0.000,0.000,0.660,0.340,0.000,0.000,0.000,area_weighted,Low (<10%)
KHM.4_1,0.171,0.000,0.000,0.909,0.091,0.000,0.000,0.000,area_weighted,Low (<10%)
KHM.5_1,1.529,0.000,0.000,0.180,0.820,0.000,0.000,0.000,area_weighted,Low - Medium (10-20%)
KHM.6_1,1.651,0.000,0.000,0.218,0.632,0.000,0.149,0.000,area_weighted,Low - Medium (10-20%)
KHM.7_1,0.762,0.000,0.000,0.591,0.409,0.000,0.000,0.000,area_weighted,Low (<10%)
KHM.8_1,1.427,0.000,0.000,0.235,0.765,0.000,0.000,0.000,area_weighted,Low - Medium (10-20%)
KHM.9_1,0.106,0.000,0.000,0.943,0.057,0.000,0.000,0.000,area_weighted,Low (<10%)
KNA.10_1,0.533,0.000,0.000,1.000,0.000,0.000,0.000,0.000,area_weighted,Low (<10%)
KNA.11_1,0.533,0.000,0.000,1.000,0.000,0.000,0.000,0.000,area_weighted,Low (<10%)
KNA.12_1,0.533,0.000,0.000,1.000,0.000,0.000,0.000,0.000,area_weighted,Low (<10%)
KNA.13_1,0.533,0.000,0.000,1.000,0.000,0.000,0.000,0.000,area_weighted,Low (<10%)
KNA.14_1,0.533,0.000,0.000,1.000,0.000,0.000,0.000,0.000,area_weighted,Low (<10%)
KNA.1_1,0.533,0.000,0.000,1.000,0.000,0.000,0.000,0.000,area_weighted,Low (<10%)
KNA.2_1,0.533,0.000,0.000,1.000,0.000,0.000,0.000,0.000,area_weighted,Low (<10%)
KNA.3_1,0.533,0.000,0.000,1.000,0.000,0.000,0.000,0.000,area_weighted,Low (<10%)
KNA.4_1,0.533,0.000,0.000,1.000,0.000,0.000,0.000,0.000,area_weighted,Low (<10%)
KNA.5_1,0.533,0.000,0.000,1.000,0.000,0.000,0.000,0.000,area_weighted,Low (<10%)
KNA.6_1,0.533,0.000,0.000,1.000,0.000,0.000,0.000,0.000,area_weighted,Low (<10%)
KNA.7_1,0.533,0.000,0.000,1.000,0.000,0.000,0.000,0.000,area_weighted,Low (<10%)
KNA.8_1,0.533,0.000,0.000,1.000,0.000,0.000,0.000,0.000,area_weighted,Low (<10%)
KNA.9_1,0.533,0.000,0.000,1.000,0.000,0.000,0.000,0.000,area_weighted,Low (<10%)
KWT.1_1,5.000,0.501,0.000,0.000,0.000,0.000,0.000,0.499,area_weighted,Arid and Low Water Use
KWT.2_1,5.000,0.670,0.000,0.000,0.000,0.000,0.000,0.330,area_weighted,Arid and Low Water Use
KWT.3_1,5.000,0.599,0.000,0.000,0.000,0.000,0.000,0.401,area_weighted,Arid and Low Water Use
KWT.4_1,5.000,0.117,0.000,0.000,0.000,0.000,0.000,0.883,area_weighted,Extremely High (>80%)
KWT.5_1,5.000,0.000,0.000,0.000,0.000,0.000,0.000,1.000,area_weighted,Extremely High (>80%)
KWT.6_1,5.000,0.000,0.000,0.000,0.000,0.000,0.000,1.000,area_weighted,Extremely High (>80%)
LAO.10_1,0.270,0.000,0.000,0.999,0.001,0.000,0.001,0.000,area_weighted,Low (<10%)
LAO.11_1,0.441,0.000,0.000,0.758,0.242,0.000,0.000,0.000,area_weighted,Low (<10%)
LAO.12_1,1.401,0.000,0.000,0.229,0.771,0.000,0.000,0.000,area_weighted,Low - Medium (10-20%)
LAO.13_1,1.455,0.000,0.000,0.479,0.000,0.521,0.000,0.000,area_weighted,Low - Medium (10-20%)
LAO.14_1,1.480,0.000,0.000,0.448,0.000,0.552,0.000,0.000,area_weighted,Low - Medium (10-20%)
LAO.15_1,0.343,0.000,0.000,0.870,0.000,0.123,0.004,0.003,area_weighted,Low (<10%)
LAO.16_1,1.470,0.000,0.000,0.430,0.000,0.570,0.000,0.000,area_weighted,Low - Medium (10-20%)
LAO.17_1,0.008,0.000,0.000,0.998,0.002,0.000,0.000,0.000,area_weighted,Low (<10%)
LAO.18_1,1.678,0.000,0.000,0.337,0.000,0.663,0.000,0.000,area_weighted,Low - Medium (10-20%)
LAO.1_1,0.000,0.000,0.000,1.000,0.000,0.000,0.000,0.000,area_weighted,Low (<10%)
LAO.2_1,0.000,0.000,0.000,1.000,0.000,0.000,0.000,0.000,area_weighted,Low (<10%)
LAO.3_1,0.027,0.000,0.000,0.989,0.000,0.011,0.000,0.000,area_weighted,Low (<10%)
LAO.4_1,0.000,0.000,0.000,1.000,0.000,0.000,0.000,0.000,area_weighted,Low (<10%)
LAO.5_1,2.260,0.000,0.000,0.090,0.000,0.910,0.000,0.000,area_weighted,Medium - High (20-40%)
LAO.6_1,0.038,0.000,0.000,0.979,0.020,0.001,0.000,0.000,area_weighted,Low (<10%)
LAO.7_1,0.264,0.000,0.000,0.923,0.000,0.000,0.077,0.000,area_weighted,Low (<10%)
LAO.8_1,0.189,0.000,0.000,0.957,0.000,0.043,0.000,0.000,area_weighted,Low (<10%)
LAO.9_1,0.120,0.000,0.000,1.000,0.000,0.000,0.000,0.000,area_weighted,Low (<10%)
LBN.1_1,5.000,0.000,0.000,0.000,0.000,0.000,0.000,1.000,area_weighted,Extremely High (>80%)
LBN.2_1,5.000,0.000,0.000,0.000,0.000,0.000,0.000,1.000,area_weighted,Extremely High (>80%)
LBN.3_1,5.000,0.000,0.000,0.000,0.000,0.000,0.000,1.000,area_weighted,Extremely High (>80%)
LBN.4_1,5.000,0.000,0.000,0.000,0.000,0.000,0.000,1.000,area_weighted,Extremely High (>80%)
LBN.5_1,5.000,0.000,0.000,0.000,0.000,0.000,0.000,1.000,area_weighted,Extremely High (>80%)
LBN.6_1,5.000,0.000,0.000,0.000,0.000,0.000,0.000,1.000,area_weighted,Extremely High (>80%)
LBN.7_1,5.000,0.000,0.000,0.000,0.000,0.000,0.000,1.000,area_weighted,Extremely High (>80%)
LBN.8_1,5.000,0.000,0.000,0.000,0.000,0.000,0.000,1.000,area_weighted,Extremely High (>80%)
LBR.10_1,0.000,0.000,0.000,1.000,0.000,0.000,0.000,0.000,area_weighted,Low (<10%)
LBR.11_1,0.000,0.000,0.000,1.000,0.000,0.000,0.000,0.000,area_weighted,Low (<10%)
LBR.12_1,0.000,0.000,0.000,1.000,0.000,0.000,0.000,0.000,area_weighted,Low (<10%)
LBR.13_1,0.000,0.000,0.000,1.000,0.000,0.000,0.000,0.000,area_weighted,Low (<10%)
LBR.14_1,0.000,0.000,0.000,1.000,0.000,0.000,0.000,0.000,area_weighted,Low (<10%)
LBR.15_1,0.000,0.000,0.000,1.000,0.000,0.000,0.000,0.000,area_weighted,Low (<10%)
LBR.1_1,0.000,0.000,0.000,1.000,0.000,0.000,0.000,0.000,area_weighted,Low (<10%)
LBR.2_1,0.000,0.000,0.000,1.000,0.000,0.000,0.000,0.000,area_weighted,Low (<10%)
LBR.3_1,0.000,0.000,0.000,1.000,0.000,0.000,0.000,0.000,area_weighted,Low (<10%)
LBR.4_1,0.000,0.000,0.000,1.000,0.000,0.000,0.000,0.000,area_weighted,Low (<10%)
LBR.5_1,0.000,0.000,0.000,1.000,0.000,0.000,0.000,0.000,area_weighted,Low (<10%)
LBR.6_1,0.000,0.000,0.000,1.000,0.000,0.000,0.000,0.000,area_weighted,Low (<10%)
LBR.7_1,0.000,0.000,0.000,1.000,0.000,0.000,0.000,0.000,area_weighted,Low (<10%)
LBR.8_1,0.000,0.000,0.000,1.000,0.000,0.000,0.000,0.000,area_weighted,Low (<10%)
LBR.9_1,0.000,0.000,0.000,1.000,0.000,0.000,0.000,0.000,area_weighted,Low (<10%)
LBY.10_1,2.309,0.000,0.001,0.000,0.720,0.000,0.000,0.279,area_weighted,Medium - High (20-40%)
LBY.11_1,4.419,0.000,0.000,0.000,0.156,0.000,0.000,0.844,area_weighted,Extremely High (>80%)
LBY.12_1,2.577,0.038,0.000,0.345,0.148,0.000,0.000,0.469,area_weighted,Medium - High (20-40%)
LBY.13_1,2.240,0.212,0.000,0.429,0.000,0.000,0.000,0.358,area_weighted,Medium - High (20-40%)
LBY.14_1,,1.000,0.000,0.000,0.000,0.000,0.000,0.000,area_weighted,Arid and Low Water Use
LBY.15_1,3.025,0.393,0.000,0.000,0.000,0.580,0.000,0.027,area_weighted,High (40-80%)
LBY.16_1,5.000,0.975,0.000,0.000,0.000,0.000,0.000,0.025,area_weighted,Arid and Low Water Use
LBY.17_1,1.265,0.920,0.000,0.000,0.080,0.000,0.000,0.000,area_weighted,Arid and Low Water Use
LBY.18_1,5.000,0.856,0.000,0.000,0.000,0.000,0.000,0.144,area_weighted,Arid and Low Water Use
LBY.19_1,0.378,0.959,0.000,0.040,0.000,0.000,0.000,0.001,area_weighted,Arid and Low Water Use
LBY.1_1,4.793,0.916,0.000,0.002,0.000,0.000,0.000,0.082,area_weighted,Arid and Low Water Use
LBY.20_1,5.000,0.000,0.000,0.000,0.000,0.000,0.000,1.000,area_weighted,Extremely High (>80%)
LBY.21_1,5.000,0.817,0.000,0.000,0.000,0.000,0.000,0.183,area_weighted,Arid and Low Water Use
LBY.22_1,5.000,0.982,0.000,0.000,0.000,0.000,0.000,0.018,area_weighted,Arid and Low Water Use
LBY.2_1,1.198,0.046,0.000,0.722,0.000,0.000,0.000,0.232,area_weighted,Low - Medium (10-20%)
LBY.3_1,2.956,0.805,0.000,0.000,0.024,0.150,0.000,0.022,area_weighted,Arid and Low Water Use
LBY.4_1,5.000,0.000,0.000,0.000,0.000,0.000,0.000,1.000,area_weighted,Extremely High (>80%)
LBY.5_1,,1.000,0.000,0.000,0.000,0.000,0.000,0.000,area_weighted,Arid and Low Water Use
LBY.6_1,5.000,0.982,0.000,0.000,0.000,0.000,0.000,0.018,area_weighted,Arid and Low Water Use
LBY.7_1,0.901,0.000,0.000,0.817,0.000,0.000,0.000,0.183,area_weighted,Low (<10%)
LBY.8_1,4.473,0.000,0.000,0.000,0.000,0.255,0.000,0.745,area_weighted,Extremely High (>80%)
LBY.9_1,0.030,0.972,0.000,0.028,0.001,0.000,0.000,0.000,area_weighted,Arid and Low Water Use
LCA.10_1,1.076,0.000,0.000,0.000,1.000,0.000,0.000,0.000,area_weighted,Low - Medium (10-20%)
LCA.1_1,1.076,0.000,0.000,0.000,1.000,0.000,0.000,0.000,area_weighted,Low - Medium (10-20%)
LCA.2_1,1.076,0.000,0.000,0.000,1.000,0.000,0.000,0.000,area_weighted,Low - Medium (10-20%)
LCA.3_1,1.076,0.000,0.000,0.000,1.000,0.000,0.000,0.000,area_weighted,Low - Medium (10-20%)
LCA.4_1,1.076,0.000,0.000,0.000,1.000,0.000,0.000,0.000,area_weighted,Low - Medium (10-20%)
LCA.5_1,1.076,0.000,0.000,0.000,1.000,0.000,0.000,0.000,area_weighted,Low - Medium (10-20%)
LCA.6_1,1.076,0.000,0.000,0.000,1.000,0.000,0.000,0.000,area_weighted,Low - Medium (10-20%)
LCA.7_1,1.076,0.000,0.000,0.000,1.000,0.000,0.000,0.000,area_weighted,Low - Medium (10-20%)
LCA.8_1,1.076,0.000,0.000,0.000,1.000,0.000,0.000,0.000,area_weighted,Low - Medium (10-20%)
LCA.9_1,1.076,0.000,0.000,0.000,1.000,0.000,0.000,0.000,area_weighted,Low - Medium (10-20%)
LKA.10_1,2.337,0.000,0.000,0.000,0.000,1.000,0.000,0.000,area_weighted,Medium - High (20-40%)
LKA.11_1,2.337,0.000,0.000,0.000,0.000,1.000,0.000,0.000,area_weighted,Medium - High (20-40%)
LKA.12_1,2.337,0.000,0.000,0.000,0.000,1.000,0.000,0.000,area_weighted,Medium - High (20-40%)
LKA.13_1,2.526,0.000,0.000,0.000,0.000,0.863,0.137,0.000,area_weighted,Medium - High (20-40%)
LKA.14_1,2.337,0.000,0.000,0.000,0.000,1.000,0.000,0.000,area_weighted,Medium - High (20-40%)
LKA.15_1,2.337,0.000,0.000,0.000,0.000,1.000,0.000,0.000,area_weighted,Medium - High (20-40%)
LKA.16_1,2.337,0.000,0.000,0.000,0.000,1.000,0.000,0.000,area_weighted,Medium - High (20-40%)
LKA.17_1,2.337,0.000,0.000,0.000,0.000,1.000,0.000,0.000,area_weighted,Medium - High (20-40%)
LKA.18_1,2.337,0.000,0.000,0.000,0.000,1.000,0.000,0.000,area_weighted,Medium - High (20-40%)
LKA.19_1,2.337,0.000,0.000,0.000,0.000,1.000,0.000,0.000,area_weighted,Medium - High (20-40%)
LKA.1_1,2.337,0.000,0.000,0.000,0.000,1.000,0.000,0.000,area_weighted,Medium - High (20-40%)
LKA.20_1,2.337,0.000,0.000,0.000,0.000,1.000,0.000,0.000,area_weighted,Medium - High (20-40%)
LKA.21_1,2.337,0.000,0.000,0.000,0.000,1.000,0.000,0.000,area_weighted,Medium - High (20-40%)
LKA.22_1,2.337,0.000,0.000,0.000,0.000,1.000,0.000,0.000,area_weighted,Medium - High (20-40%)
LKA.23_1,2.337,0.000,0.000,0.000,0.000,1.000,0.000,0.000,area_weighted,Medium - High (20-40%)
LKA.24_1,2.337,0.000,0.000,0.000,0.000,1.000,0.000,0.000,area_weighted,Medium - High (20-40%)
LKA.25_1,2.337,0.000,0.000,0.000,0.000,1.000,0.000,0.000,area_weighted,Medium - High (20-40%)
LKA.2_1,2.337,0.000,0.000,0.000,0.000,1.000,0.000,0.000,area_weighted,Medium - High (20-40%)
LKA.3_1,2.337,0.000,0.000,0.000,0.000,1.000,0.000,0.000,area_weighted,Medium - High (20-40%)
LKA.4_1,2.337,0.000,0.000,0.000,0.000,1.000,0.000,0.000,area_weighted,Medium - High (20-40%)
LKA.5_1,2.337,0.000,0.000,0.000,0.000,1.000,0.000,0.000,area_weighted,Medium - High (20-40%)
LKA.6_1,2.337,0.000,0.000,0.000,0.000,1.000,0.000,0.000,area_weighted,Medium - High (20-40%)
LKA.7_1,2.337,0.000,0.000,0.000,0.000,1.000,0.000,0.000,area_weighted,Medium - High (20-40%)
LKA.8_1,2.337,0.000,0.000,0.000,0.000,1.000,0.000,0.000,area_weighted,Medium - High (20-40%)
LKA.9_1,3.710,0.000,0.000,0.000,0.000,0.000,1.000,0.000,area_weighted,High (40-80%)
LSO.10_1,0.004,0.216,0.000,0.782,0.002,0.000,0.000,0.000,area_weighted,Low (<10%)
LSO.1_1,0.000,0.858,0.000,0.142,0.000,0.000,0.000,0.000,area_weighted,Arid and Low Water Use
LSO.2_1,0.000,0.999,0.000,0.001,0.000,0.000,0.000,0.000,area_weighted,Arid and Low Water Use
LSO.3_1,0.000,1.000,0.000,0.000,0.000,0.000,0.000,0.000,area_weighted,Arid and Low Water Use
LSO.4_1,0.000,0.470,0.000,0.530,0.000,0.000,0.000,0.000,area_weighted,Low (<10%)
LSO.5_1,0.000,0.377,0.000,0.623,0.000,0.000,0.000,0.000,area_weighted,Low (<10%)
LSO.6_1,0.000,0.011,0.000,0.989,0.000,0.000,0.000,0.000,area_weighted,Low (<10%)
LSO.7_1,0.030,0.092,0.000,0.892,0.016,0.000,0.000,0.000,area_weighted,Low (<10%)
LSO.8_1,0.003,0.000,0.000,1.000,0.000,0.000,0.000,0.000,area_weighted,Low (<10%)
LSO.9_1,0.002,0.001,0.000,0.999,0.000,0.000,0.000,0.000,area_weighted,Low (<10%)
MAR.10_1,1.610,0.024,0.001,0.180,0.574,0.176,0.000,0.046,area_weighted,Low - Medium (10-20%)
MAR.11_1,4.269,0.000,0.000,0.000,0.028,0.000,0.320,0.652,area_weighted,Extremely High (>80%)
MAR.12_1,3.658,0.110,0.000,0.034,0.103,0.193,0.102,0.457,area_weighted,High (40-80%)
MAR.13_1,3.320,0.000,0.000,0.391,0.012,0.003,0.000,0.593,area_weighted,High (40-80%)
MAR.14_1,3.408,0.000,0.000,0.000,0.134,0.407,0.000,0.459,area_weighted,High (40-80%)
MAR.15_1,1.975,0.000,0.000,0.199,0.255,0.537,0.010,0.000,area_weighted,Low - Medium (10-20%)
MAR.1_1,3.762,0.000,0.000,0.004,0.321,0.000,0.000,0.675,area_weighted,High (40-80%)
MAR.2_1,4.756,0.002,0.000,0.033,0.020,0.000,0.000,0.945,area_weighted,Extremely High (>80%)
MAR.3_1,2.685,0.000,0.000,0.010,0.039,0.598,0.318,0.034,area_weighted,Medium - High (20-40%)
MAR.4_1,2.753,0.000,0.000,0.086,0.195,0.239,0.256,0.224,area_weighted,Medium - High (20-40%)
MAR.5_1,4.860,0.000,0.000,0.000,0.000,0.000,0.000,1.000,area_weighted,Extremely High (>80%)
MAR.6_1,2.105,0.188,0.000,0.381,0.000,0.198,0.094,0.138,area_weighted,Medium - High (20-40%)
MAR.7_1,3.349,0.000,0.000,0.000,0.000,0.000,1.000,0.000,area_weighted,High (40-80%)
MAR.8_1,4.639,0.177,0.000,0.000,0.083,0.000,0.000,0.740,area_weighted,Extremely High (>80%)
MAR.9_1,2.888,0.020,0.000,0.131,0.089,0.101,0.493,0.166,area_weighted,Medium - High (20-40%)
MDG.1_1,0.815,0.000,0.000,0.577,0.195,0.228,0.000,0.000,area_weighted,Low (<10%)
MDG.2_1,0.629,0.000,0.000,1.000,0.000,0.000,0.000,0.000,area_weighted,Low (<10%)
MDG.3_1,0.883,0.000,0.000,0.654,0.200,0.000,0.116,0.030,area_weighted,Low (<10%)
MDG.4_1,0.455,0.000,0.000,0.768,0.166,0.067,0.000,0.000,area_weighted,Low (<10%)
MDG.5_1,0.024,0.000,0.000,1.000,0.000,0.000,0.000,0.000,area_weighted,Low (<10%)
MDG.6_1,1.264,0.008,0.000,0.610,0.037,0.141,0.204,0.000,area_weighted,Low - Medium (10-20%)
MEX.10_1,3.839,0.033,0.000,0.126,0.000,0.070,0.146,0.625,area_weighted,High (40-80%)
MEX.11_1,4.225,0.000,0.000,0.000,0.000,0.178,0.153,0.670,area_weighted,Extremely High (>80%)
MEX.12_1,0.904,0.000,0.000,0.779,0.093,0.096,0.000,0.033,area_weighted,Low (<10%)
MEX.13_1,2.526,0.000,0.000,0.263,0.318,0.000,0.000,0.419,area_weighted,Medium - High (20-40%)
MEX.14_1,4.009,0.000,0.000,0.081,0.000,0.066,0.133,0.720,area_weighted,Extremely High (>80%)
MEX.15_1,3.752,0.000,0.000,0.061,0.001,0.229,0.245,0.464,area_weighted,High (40-80%)
MEX.16_1,3.288,0.000,0.000,0.180,0.000,0.275,0.116,0.429,area_weighted,High (40-80%)
MEX.17_1,4.117,0.000,0.000,0.000,0.133,0.000,0.000,0.867,area_weighted,Extremely High (>80%)
MEX.18_1,2.681,0.000,0.001,0.390,0.000,0.033,0.078,0.498,area_weighted,Medium - High (20-40%)
MEX.19_1,2.972,0.123,0.000,0.070,0.148,0.203,0.188,0.268,area_weighted,Medium - High (20-40%)
MEX.1_1,4.655,0.000,0.000,0.000,0.000,0.000,0.207,0.793,area_weighted,Extremely High (>80%)
MEX.20_1,0.418,0.000,0.000,0.881,0.094,0.025,0.000,0.000,area_weighted,Low (<10%)
MEX.21_1,1.786,0.000,0.000,0.265,0.283,0.209,0.230,0.013,area_weighted,Low - Medium (10-20%)
MEX.22_1,3.174,0.000,0.000,0.100,0.000,0.443,0.019,0.437,area_weighted,High (40-80%)
MEX.23_1,0.998,0.000,0.000,0.766,0.234,0.000,0.000,0.000,area_weighted,Low (<10%)
MEX.24_1,2.718,0.106,0.000,0.188,0.228,0.090,0.000,0.388,area_weighted,Medium - High (20-40%)
MEX.25_1,4.169,0.000,0.000,0.067,0.000,0.012,0.216,0.705,area_weighted,Extremely High (>80%)
MEX.26_1,4.652,0.229,0.000,0.017,0.020,0.000,0.081,0.652,area_weighted,Extremely High (>80%)
MEX.27_1,0.264,0.000,0.000,0.867,0.133,0.000,0.000,0.000,area_weighted,Low (<10%)
MEX.28_1,2.406,0.000,0.000,0.212,0.182,0.217,0.274,0.115,area_weighted,Medium - High (20-40%)
MEX.29_1,3.155,0.000,0.000,0.055,0.000,0.223,0.523,0.200,area_weighted,High (40-80%)
MEX.2_1,5.000,0.886,0.000,0.000,0.000,0.000,0.000,0.114,area_weighted,Arid and Low Water Use
MEX.30_1,0.349,0.000,0.000,0.810,0.167,0.023,0.000,0.000,area_weighted,Low (<10%)
MEX.31_1,1.148,0.000,0.000,0.560,0.440,0.000,0.000,0.000,area_weighted,Low - Medium (10-20%)
MEX.32_1,4.025,0.138,0.000,0.070,0.000,0.117,0.099,0.576,area_weighted,Extremely High (>80%)
MEX.3_1,4.914,0.554,0.000,0.000,0.000,0.000,0.009,0.437,area_weighted,Arid and Low Water Use
MEX.4_1,0.582,0.000,0.000,0.750,0.250,0.000,0.000,0.000,area_weighted,Low (<10%)
MEX.5_1,0.234,0.000,0.000,0.979,0.021,0.000,0.000,0.000,area_weighted,Low (<10%)
MEX.6_1,4.011,0.195,0.000,0.090,0.011,0.060,0.092,0.552,area_weighted,Extremely High (>80%)
MEX.7_1,4.210,0.509,0.000,0.025,0.000,0.033,0.087,0.347,area_weighted,Arid and Low Water Use
MEX.8_1,4.686,0.000,0.000,0.000,0.000,0.000,0.024,0.976,area_weighted,Extremely High (>80%)
MEX.9_1,4.931,0.000,0.000,0.000,0.000,0.000,0.004,0.996,area_weighted,Extremely High (>80%)
MHL.10_1,,1.000,0.000,0.000,0.000,0.000,0.000,0.000,area_weighted,Arid and Low Water Use
MHL.11_1,,1.000,0.000,0.000,0.000,0.000,0.000,0.000,area_weighted,Arid and Low Water Use
MHL.12_1,,1.000,0.000,0.000,0.000,0.000,0.000,0.000,area_weighted,Arid and Low Water Use
MHL.13_1,,1.000,0.000,0.000,0.000,0.000,0.000,0.000,area_weighted,Arid and Low Water Use
MHL.14_1,,1.000,0.000,0.000,0.000,0.000,0.000,0.000,area_weighted,Arid and Low Water Use
MHL.15_1,,1.000,0.000,0.000,0.000,0.000,0.000,0.000,area_weighted,Arid and Low Water Use
MHL.16_1,,1.000,0.000,0.000,0.000,0.000,0.000,0.000,area_weighted,Arid and Low Water Use
MHL.17_1,,1.000,0.000,0.000,0.000,0.000,0.000,0.000,area_weighted,Arid and Low Water Use
MHL.18_1,,1.000,0.000,0.000,0.000,0.000,0.000,0.000,area_weighted,Arid and Low Water Use
MHL.19_1,,1.000,0.000,0.000,0.000,0.000,0.000,0.000,area_weighted,Arid and Low Water Use
MHL.1_1,,1.000,0.000,0.000,0.000,0.000,0.000,0.000,area_weighted,Arid and Low Water Use
MHL.20_1,,1.000,0.000,0.000,0.000,0.000,0.000,0.000,area_weighted,Arid and Low Water Use
MHL.21_1,,1.000,0.000,0.000,0.000,0.000,0.000,0.000,area_weighted,Arid and Low Water Use
MHL.22_1,,1.000,0.000,0.000,0.000,0.000,0.000,0.000,area_weighted,Arid and Low Water Use
MHL.23_1,,1.000,0.000,0.000,0.000,0.000,0.000,0.000,area_weighted,Arid and Low Water Use
MHL.2_1,,1.000,0.000,0.000,0.000,0.000,0.000,0.000,area_weighted,Arid and Low Water Use
MHL.3_1,,1.000,0.000,0.000,0.000,0.000,0.000,0.000,area_weighted,Arid and Low Water Use
MHL.4_1,,1.000,0.000,0.000,0.000,0.000,0.000,0.000,area_weighted,Arid and Low Water Use
MHL.5_1,,1.000,0.000,0.000,0.000,0.000,0.000,0.000,area_weighted,Arid and Low Water Use
MHL.6_1,,1.000,0.000,0.000,0.000,0.000,0.000,0.000,area_weighted,Arid and Low Water Use
MHL.7_1,,1.000,0.000,0.000,0.000,0.000,0.000,0.000,area_weighted,Arid and Low Water Use
MHL.8_1,,1.000,0.000,0.000,0.000,0.000,0.000,0.000,area_weighted,Arid and Low Water Use
MHL.9_1,,1.000,0.000,0.000,0.000,0.000,0.000,0.000,area_weighted,Arid and Low Water Use
MLI.1_1,0.000,0.000,0.000,1.000,0.000,0.000,0.000,0.000,area_weighted,Low (<10%)
MLI.2_1,2.208,0.474,0.000,0.292,0.000,0.000,0.007,0.228,area_weighted,Medium - High (20-40%)
MLI.3_1,0.000,0.155,0.000,0.845,0.000,0.000,0.000,0.000,area_weighted,Low (<10%)
MLI.4_1,,1.000,0.000,0.000,0.000,0.000,0.000,0.000,area_weighted,Arid and Low Water Use
MLI.5_1,0.080,0.455,0.000,0.536,0.000,0.000,0.000,0.009,area_weighted,Low (<10%)
MLI.6_1,1.705,0.326,0.000,0.406,0.000,0.000,0.009,0.259,area_weighted,Low - Medium (10-20%)
MLI.7_1,1.573,0.245,0.000,0.508,0.000,0.000,0.000,0.247,area_weighted,Low - Medium (10-20%)
MLI.8_1,0.288,0.026,0.000,0.908,0.000,0.000,0.000,0.066,area_weighted,Low (<10%)
MLI.9_1,2.163,0.883,0.000,0.060,0.000,0.000,0.009,0.047,area_weighted,Arid and Low Water Use
MMR.10_1,4.444,0.000,0.000,0.000,0.000,0.000,0.000,1.000,area_weighted,Extremely High (>80%)
MMR.11_1,0.773,0.000,0.000,0.801,0.007,0.012,0.000,0.180,area_weighted,Low (<10%)
MMR.12_1,0.268,0.000,0.000,0.971,0.000,0.005,0.024,0.000,area_weighted,Low (<10%)
MMR.13_1,0.912,0.000,0.000,0.642,0.078,0.221,0.022,0.037,area_weighted,Low (<10%)
MMR.14_1,0.024,0.000,0.000,0.997,0.001,0.002,0.000,0.000,area_weighted,Low (<10%)
MMR.15_1,2.591,0.000,0.000,0.000,0.000,1.000,0.000,0.000,area_weighted,Medium - High (20-40%)
MMR.1_1,2.516,0.000,0.000,0.029,0.000,0.971,0.000,0.000,area_weighted,Medium - High (20-40%)
MMR.2_1,2.429,0.000,0.000,0.015,0.046,0.936,0.000,0.002,area_weighted,Medium - High (20-40%)
MMR.3_1,1.076,0.000,0.000,0.663,0.000,0.000,0.336,0.001,area_weighted,Low - Medium (10-20%)
MMR.4_1,0.081,0.000,0.000,0.968,0.000,0.032,0.000,0.000,area_weighted,Low (<10%)
MMR.5_1,0.977,0.000,0.000,0.514,0.000,0.486,0.000,0.000,area_weighted,Low (<10%)
MMR.6_1,0.420,0.000,0.000,0.811,0.152,0.037,0.000,0.000,area_weighted,Low (<10%)
MMR.7_1,0.492,0.000,0.000,0.806,0.095,0.029,0.067,0.002,area_weighted,Low (<10%)
MMR.8_1,2.340,0.000,0.000,0.415,0.101,0.039,0.000,0.444,area_weighted,Medium - High (20-40%)
MMR.9_1,0.972,0.000,0.000,0.475,0.485,0.040,0.000,0.000,area_weighted,Low (<10%)
MNG.10_1,,1.000,0.000,0.000,0.000,0.000,0.000,0.000,area_weighted,Arid and Low Water Use
MNG.11_1,,1.000,0.000,0.000,0.000,0.000,0.000,0.000,area_weighted,Arid and Low Water Use
MNG.12_1,0.154,0.473,0.000,0.451,0.076,0.000,0.000,0.000,area_weighted,Low (<10%)
MNG.13_1,3.842,0.919,0.000,0.019,0.000,0.000,0.000,0.062,area_weighted,Arid and Low Water Use
MNG.14_1,0.000,0.012,0.000,0.988,0.000,0.000,0.000,0.000,area_weighted,Low (<10%)
MNG.15_1,0.097,0.972,0.000,0.027,0.000,0.000,0.001,0.000,area_weighted,Arid and Low Water Use
MNG.16_1,0.389,0.000,0.000,1.000,0.000,0.000,0.000,0.000,area_weighted,Low (<10%)
MNG.17_1,3.048,0.927,0.000,0.000,0.000,0.000,0.073,0.000,area_weighted,Arid and Low Water Use
MNG.18_1,0.218,0.000,0.000,0.859,0.136,0.005,0.000,0.000,area_weighted,Low (<10%)
MNG.19_1,1.269,0.842,0.000,0.105,0.000,0.000,0.053,0.000,area_weighted,Arid and Low Water Use
MNG.1_1,0.846,0.893,0.000,0.077,0.000,0.000,0.030,0.000,area_weighted,Arid and Low Water Use
MNG.20_1,1.406,0.635,0.000,0.162,0.091,0.049,0.063,0.000,area_weighted,Arid and Low Water Use
MNG.21_1,3.370,0.139,0.000,0.000,0.193,0.032,0.636,0.000,area_weighted,High (40-80%)
MNG.22_1,0.000,0.469,0.000,0.531,0.000,0.000,0.000,0.000,area_weighted,Low (<10%)
MNG.2_1,3.917,0.859,0.000,0.030,0.000,0.002,0.000,0.109,area_weighted,Arid and Low Water Use
MNG.3_1,3.048,0.994,0.000,0.000,0.000,0.000,0.006,0.000,area_weighted,Arid and Low Water Use
MNG.4_1,0.064,0.303,0.000,0.697,0.000,0.000,0.000,0.000,area_weighted,Low (<10%)
MNG.5_1,0.510,0.000,0.000,0.656,0.344,0.000,0.000,0.000,area_weighted,Low (<10%)
MNG.6_1,0.278,0.666,0.000,0.310,0.000,0.000,0.024,0.000,area_weighted,Arid and Low Water Use
MNG.7_1,,1.000,0.000,0.000,0.000,0.000,0.000,0.000,area_weighted,Arid and Low Water Use
MNG.8_1,,1.000,0.000,0.000,0.000,0.000,0.000,0.000,area_weighted,Arid and Low Water Use
MNG.9_1,0.000,0.710,0.000,0.290,0.000,0.000,0.000,0.000,area_weighted,Arid and Low Water Use
MOZ.10_1,0.109,0.000,0.000,0.961,0.028,0.000,0.011,0.000,area_weighted,Low (<10%)
MOZ.11_1,0.031,0.000,0.000,0.988,0.000,0.012,0.000,0.000,area_weighted,Low (<10%)
MOZ.1_1,0.000,0.000,0.000,1.000,0.000,0.000,0.000,0.000,area_weighted,Low (<10%)
MOZ.2_1,1.899,0.359,0.000,0.302,0.000,0.075,0.213,0.051,area_weighted,Low - Medium (10-20%)
MOZ.3_1,0.580,0.000,0.000,0.815,0.000,0.058,0.127,0.000,area_weighted,Low (<10%)
MOZ.4_1,0.000,0.000,0.000,1.000,0.000,0.000,0.000,0.000,area_weighted,Low (<10%)
MOZ.5_1,0.082,0.000,0.000,0.932,0.068,0.000,0.000,0.000,area_weighted,Low (<10%)
MOZ.6_1,0.485,0.000,0.000,0.791,0.085,0.095,0.030,0.000,area_weighted,Low (<10%)
MOZ.7_1,0.000,0.000,0.000,1.000,0.000,0.000,0.000,0.000,area_weighted,Low (<10%)
MOZ.8_1,0.027,0.000,0.000,0.981,0.019,0.000,0.000,0.000,area_weighted,Low (<10%)
MOZ.9_1,0.000,0.000,0.000,1.000,0.000,0.000,0.000,0.000,area_weighted,Low (<10%)
MRT.10_1,5.000,0.590,0.001,0.000,0.000,0.000,0.000,0.409,area_weighted,Arid and Low Water Use
MRT.11_1,3.178,0.877,0.000,0.022,0.015,0.010,0.029,0.047,area_weighted,Arid and Low Water Use
MRT.12_1,,1.000,0.000,0.000,0.000,0.000,0.000,0.000,area_weighted,Arid and Low Water Use
MRT.13_1,2.397,0.774,0.000,0.030,0.092,0.002,0.060,0.042,area_weighted,Arid and Low Water Use
MRT.1_1,,1.000,0.000,0.000,0.000,0.000,0.000,0.000,area_weighted,Arid and Low Water Use
MRT.2_1,1.068,0.176,0.000,0.419,0.143,0.256,0.000,0.006,area_weighted,Low - Medium (10-20%)
MRT.3_1,0.641,0.592,0.000,0.266,0.034,0.107,0.000,0.000,area_weighted,Arid and Low Water Use
MRT.4_1,,1.000,0.000,0.000,0.000,0.000,0.000,0.000,area_weighted,Arid and Low Water Use
MRT.5_1,2.180,0.000,0.000,0.228,0.000,0.571,0.000,0.201,area_weighted,Medium - High (20-40%)
MRT.6_1,1.452,0.000,0.000,0.711,0.000,0.000,0.000,0.289,area_weighted,Low - Medium (10-20%)
MRT.7_1,5.000,1.000,0.000,0.000,0.000,0.000,0.000,0.000,area_weighted,Arid and Low Water Use
MRT.8_1,1.328,0.637,0.000,0.263,0.000,0.000,0.014,0.086,area_weighted,Arid and Low Water Use
MRT.9_1,5.000,0.999,0.000,0.000,0.000,0.000,0.000,0.001,area_weighted,Arid and Low Water Use
MSR.1_1,0.533,0.000,0.000,1.000,0.000,0.000,0.000,0.000,area_weighted,Low (<10%)
MSR.2_1,0.533,0.000,0.000,1.000,0.000,0.000,0.000,0.000,area_weighted,Low (<10%)
MSR.3_1,0.533,0.000,0.000,1.000,0.000,0.000,0.000,0.000,area_weighted,Low (<10%)
MTQ.1_1,1.076,0.000,0.000,0.000,1.000,0.000,0.000,0.000,area_weighted,Low - Medium (10-20%)
MTQ.2_1,1.076,0.000,0.000,0.000,1.000,0.000,0.000,0.000,area_weighted,Low - Medium (10-20%)
MTQ.3_1,1.076,0.000,0.000,0.000,1.000,0.000,0.000,0.000,area_weighted,Low - Medium (10-20%)
MTQ.4_1,1.076,0.000,0.000,0.000,1.000,0.000,0.000,0.000,area_weighted,Low - Medium (10-20%)
MUS.11_1,0.000,0.000,0.000,1.000,0.000,0.000,0.000,0.000,area_weighted,Low (<10%)
MWI.10_1,0.000,0.000,0.000,1.000,0.000,0.000,0.000,0.000,area_weighted,Low (<10%)
MWI.11_1,0.000,0.000,0.000,1.000,0.000,0.000,0.000,0.000,area_weighted,Low (<10%)
MWI.12_1,0.000,0.000,0.000,1.000,0.000,0.000,0.000,0.000,area_weighted,Low (<10%)
MWI.13_1,0.000,0.000,0.000,1.000,0.000,0.000,0.000,0.000,area_weighted,Low (<10%)
MWI.14_1,0.015,0.000,0.000,0.993,0.000,0.007,0.000,0.000,area_weighted,Low (<10%)
MWI.15_1,2.070,0.000,0.000,0.155,0.000,0.845,0.000,0.000,area_weighted,Medium - High (20-40%)
MWI.16_1,1.548,0.000,0.000,0.450,0.000,0.550,0.000,0.000,area_weighted,Low - Medium (10-20%)
MWI.17_1,0.054,0.000,0.000,0.979,0.006,0.016,0.000,0.000,area_weighted,Low (<10%)
MWI.18_1,0.000,0.000,0.000,1.000,0.000,0.000,0.000,0.000,area_weighted,Low (<10%)
MWI.19_1,0.000,0.000,0.000,1.000,0.000,0.000,0.000,0.000,area_weighted,Low (<10%)
MWI.1_1,0.000,0.000,0.000,1.000,0.000,0.000,0.000,0.000,area_weighted,Low (<10%)
MWI.20_1,0.175,0.000,0.000,0.875,0.125,0.000,0.000,0.000,area_weighted,Low (<10%)
MWI.21_1,0.383,0.000,0.000,0.759,0.184,0.057,0.000,0.000,area_weighted,Low (<10%)
MWI.22_1,0.000,0.000,0.000,1.000,0.000,0.000,0.000,0.000,area_weighted,Low (<10%)
MWI.23_1,0.000,0.000,0.000,1.000,0.000,0.000,0.000,0.000,area_weighted,Low (<10%)
MWI.24_1,0.187,0.000,0.000,0.924,0.000,0.076,0.000,0.000,area_weighted,Low (<10%)
MWI.25_1,0.056,0.000,0.000,0.987,0.000,0.003,0.000,0.010,area_weighted,Low (<10%)
MWI.26_1,0.000,0.000,0.000,1.000,0.000,0.000,0.000,0.000,area_weighted,Low (<10%)
MWI.27_1,1.830,0.000,0.000,0.171,0.177,0.652,0.000,0.000,area_weighted,Low - Medium (10-20%)
MWI.28_1,0.000,0.000,0.000,1.000,0.000,0.000,0.000,0.000,area_weighted,Low (<10%)
MWI.2_1,0.073,0.000,0.000,0.970,0.000,0.030,0.000,0.000,area_weighted,Low (<10%)
MWI.3_1,1.356,0.000,0.000,0.260,0.485,0.255,0.000,0.000,area_weighted,Low - Medium (10-20%)
MWI.4_1,1.170,0.000,0.000,0.522,0.000,0.478,0.000,0.000,area_weighted,Low - Medium (10-20%)
MWI.5_1,0.153,0.000,0.000,0.992,0.000,0.000,0.000,0.008,area_weighted,Low (<10%)
MWI.6_1,0.000,0.000,0.000,1.000,0.000,0.000,0.000,0.000,area_weighted,Low (<10%)
MWI.7_1,0.000,0.000,0.000,1.000,0.000,0.000,0.000,0.000,area_weighted,Low (<10%)
MWI.8_1,0.039,0.000,0.000,1.000,0.000,0.000,0.000,0.000,area_weighted,Low (<10%)
MWI.9_1,0.012,0.000,0.000,0.993,0.007,0.000,0.000,0.000,area_weighted,Low (<10%)
MYS.10_1,2.588,0.000,0.000,0.000,0.000,1.000,0.000,0.000,area_weighted,Medium - High (20-40%)
MYS.11_1,0.123,0.000,0.000,0.887,0.112,0.000,0.000,0.001,area_weighted,Low (<10%)
MYS.12_1,0.952,0.000,0.000,1.000,0.000,0.000,0.000,0.000,area_weighted,Low (<10%)
MYS.13_1,0.000,0.000,0.000,1.000,0.000,0.000,0.000,0.000,area_weighted,Low (<10%)
MYS.14_1,0.000,0.000,0.000,1.000,0.000,0.000,0.000,0.000,area_weighted,Low (<10%)
MYS.15_1,0.851,0.000,0.000,1.000,0.000,0.000,0.000,0.000,area_weighted,Low (<10%)
MYS.16_1,0.246,0.000,0.000,1.000,0.000,0.000,0.000,0.000,area_weighted,Low (<10%)
MYS.1_1,0.010,0.000,0.000,1.000,0.000,0.000,0.000,0.000,area_weighted,Low (<10%)
MYS.2_1,1.966,0.000,0.000,0.130,0.428,0.045,0.301,0.097,area_weighted,Low - Medium (10-20%)
MYS.3_1,0.454,0.000,0.000,0.929,0.000,0.071,0.000,0.000,area_weighted,Low (<10%)
MYS.4_1,0.952,0.000,0.000,1.000,0.000,0.000,0.000,0.000,area_weighted,Low (<10%)
MYS.5_1,0.000,0.000,0.000,1.000,0.000,0.000,0.000,0.000,area_weighted,Low (<10%)
MYS.6_1,0.951,0.000,0.000,1.000,0.000,0.000,0.000,0.000,area_weighted,Low (<10%)
MYS.7_1,0.304,0.000,0.000,1.000,0.000,0.000,0.000,0.000,area_weighted,Low (<10%)
MYS.8_1,0.016,0.000,0.000,1.000,0.000,0.000,0.000,0.000,area_weighted,Low (<10%)
MYS.9_1,0.011,0.000,0.000,0.995,0.002,0.003,0.000,0.000,area_weighted,Low (<10%)
MYT.10_1,0.000,0.000,0.000,1.000,0.000,0.000,0.000,0.000,area_weighted,Low (<10%)
MYT.11_1,0.000,0.000,0.000,1.000,0.000,0.000,0.000,0.000,area_weighted,Low (<10%)
MYT.12_1,0.000,0.000,0.000,1.000,0.000,0.000,0.000,0.000,area_weighted,Low (<10%)
MYT.13_1,0.000,0.000,0.000,1.000,0.000,0.000,0.000,0.000,area_weighted,Low (<10%)
MYT.14_1,0.000,0.000,0.000,1.000,0.000,0.000,0.000,0.000,area_weighted,Low (<10%)
MYT.15_1,0.000,0.000,0.000,1.000,0.000,0.000,0.000,0.000,area_weighted,Low (<10%)
MYT.16_1,0.000,0.000,0.000,1.000,0.000,0.000,0.000,0.000,area_weighted,Low (<10%)
MYT.17_1,0.000,0.000,0.000,1.000,0.000,0.000,0.000,0.000,area_weighted,Low (<10%)
MYT.1_1,0.000,0.000,0.000,1.000,0.000,0.000,0.000,0.000,area_weighted,Low (<10%)
MYT.2_1,0.000,0.000,0.000,1.000,0.000,0.000,0.000,0.000,area_weighted,Low (<10%)
MYT.3_1,0.000,0.000,0.000,1.000,0.000,0.000,0.000,0.000,area_weighted,Low (<10%)
MYT.4_1,0.000,0.000,0.000,1.000,0.000,0.000,0.000,0.000,area_weighted,Low (<10%)
MYT.5_1,0.000,0.000,0.000,1.000,0.000,0.000,0.000,0.000,area_weighted,Low (<10%)
MYT.6_1,0.000,0.000,0.000,1.000,0.000,0.000,0.000,0.000,area_weighted,Low (<10%)
MYT.7_1,0.000,0.000,0.000,1.000,0.000,0.000,0.000,0.000,area_weighted,Low (<10%)
MYT.8_1,0.000,0.000,0.000,1.000,0.000,0.000,0.000,0.000,area_weighted,Low (<10%)
MYT.9_1,0.000,0.000,0.000,1.000,0.000,0.000,0.000,0.000,area_weighted,Low (<10%)
NAM.10_1,1.653,0.614,0.000,0.218,0.000,0.059,0.000,0.109,area_weighted,Arid and Low Water Use
NAM.11_1,0.423,0.819,0.000,0.156,0.000,0.018,0.008,0.000,area_weighted,Arid and Low Water Use
NAM.12_1,1.063,0.961,0.000,0.015,0.023,0.000,0.000,0.000,area_weighted,Arid and Low Water Use
NAM.13_1,0.917,0.068,0.000,0.720,0.000,0.000,0.000,0.212,area_weighted,Low (<10%)
NAM.1_1,3.575,0.962,0.000,0.004,0.000,0.007,0.008,0.019,area_weighted,Arid and Low Water Use
NAM.2_1,0.000,0.938,0.000,0.062,0.000,0.000,0.000,0.000,area_weighted,Arid and Low Water Use
NAM.3_1,0.000,1.000,0.000,0.000,0.000,0.000,0.000,0.000,area_weighted,Arid and Low Water Use
NAM.4_1,2.109,0.552,0.000,0.033,0.204,0.211,0.000,0.000,area_weighted,Arid and Low Water Use
NAM.5_1,,1.000,0.000,0.000,0.000,0.000,0.000,0.000,area_weighted,Arid and Low Water Use
NAM.6_1,0.000,0.806,0.000,0.193,0.000,0.000,0.000,0.000,area_weighted,Arid and Low Water Use
NAM.7_1,3.579,0.910,0.000,0.000,0.000,0.042,0.000,0.048,area_weighted,Arid and Low Water Use
NAM.8_1,,1.000,0.000,0.000,0.000,0.000,0.000,0.000,area_weighted,Arid and Low Water Use
NAM.9_1,1.268,0.977,0.000,0.016,0.000,0.000,0.000,0.007,area_weighted,Arid and Low Water Use
NCL.1_1,0.000,0.000,0.000,1.000,0.000,0.000,0.000,0.000,area_weighted,Low (<10%)
NCL.2_1,0.000,0.000,0.000,1.000,0.000,0.000,0.000,0.000,area_weighted,Low (<10%)
NCL.3_1,0.000,0.000,0.000,1.000,0.000,0.000,0.000,0.000,area_weighted,Low (<10%)
NER.1_1,4.909,0.960,0.000,0.000,0.000,0.000,0.002,0.038,area_weighted,Arid and Low Water Use
NER.2_1,0.626,0.824,0.000,0.137,0.000,0.036,0.000,0.002,area_weighted,Arid and Low Water Use
NER.3_1,3.621,0.588,0.000,0.103,0.002,0.000,0.000,0.307,area_weighted,Arid and Low Water Use
NER.4_1,4.209,0.863,0.000,0.000,0.000,0.003,0.063,0.070,area_weighted,Arid and Low Water Use
NER.5_1,0.000,0.417,0.000,0.583,0.000,0.000,0.000,0.000,area_weighted,Low (<10%)
NER.6_1,4.607,0.721,0.000,0.000,0.000,0.001,0.078,0.200,area_weighted,Arid and Low Water Use
NER.7_1,2.792,0.328,0.000,0.297,0.000,0.000,0.000,0.375,area_weighted,Medium - High (20-40%)
NER.8_1,2.819,0.822,0.000,0.034,0.000,0.073,0.000,0.071,area_weighted,Arid and Low Water Use
NGA.10_1,0.000,0.000,0.000,1.000,0.000,0.000,0.000,0.000,area_weighted,Low (<10%)
NGA.11_1,0.000,0.000,0.000,1.000,0.000,0.000,0.000,0.000,area_weighted,Low (<10%)
NGA.12_1,0.000,0.000,0.000,1.000,0.000,0.000,0.000,0.000,area_weighted,Low (<10%)
NGA.13_1,0.000,0.000,0.000,1.000,0.000,0.000,0.000,0.000,area_weighted,Low (<10%)
NGA.14_1,0.000,0.000,0.000,1.000,0.000,0.000,0.000,0.000,area_weighted,Low (<10%)
NGA.15_1,0.000,0.000,0.000,1.000,0.000,0.000,0.000,0.000,area_weighted,Low (<10%)
NGA.16_1,0.087,0.000,0.000,0.998,0.000,0.000,0.000,0.002,area_weighted,Low (<10%)
NGA.17_1,0.000,0.000,0.000,1.000,0.000,0.000,0.000,0.000,area_weighted,Low (<10%)
NGA.18_1,2.607,0.060,0.000,0.374,0.146,0.000,0.000,0.421,area_weighted,Medium - High (20-40%)
NGA.19_1,0.045,0.000,0.000,0.968,0.032,0.000,0.000,0.000,area_weighted,Low (<10%)
NGA.1_1,0.000,0.000,0.000,1.000,0.000,0.000,0.000,0.000,area_weighted,Low (<10%)
NGA.20_1,1.975,0.000,0.000,0.066,0.733,0.000,0.000,0.200,area_weighted,Low - Medium (10-20%)
NGA.21_1,2.361,0.470,0.000,0.188,0.081,0.000,0.000,0.261,area_weighted,Medium - High (20-40%)
NGA.22_1,0.402,0.050,0.000,0.755,0.195,0.000,0.000,0.000,area_weighted,Low (<10%)
NGA.23_1,0.000,0.000,0.000,1.000,0.000,0.000,0.000,0.000,area_weighted,Low (<10%)
NGA.24_1,0.000,0.000,0.000,1.000,0.000,0.000,0.000,0.000,area_weighted,Low (<10%)
NGA.25_1,0.853,0.000,0.000,0.774,0.000,0.000,0.226,0.000,area_weighted,Low (<10%)
NGA.26_1,0.000,0.000,0.000,1.000,0.000,0.000,0.000,0.000,area_weighted,Low (<10%)
NGA.27_1,0.000,0.000,0.000,1.000,0.000,0.000,0.000,0.000,area_weighted,Low (<10%)
NGA.28_1,0.007,0.000,0.000,1.000,0.000,0.000,0.000,0.000,area_weighted,Low (<10%)
NGA.29_1,0.000,0.000,0.000,1.000,0.000,0.000,0.000,0.000,area_weighted,Low (<10%)
NGA.2_1,0.584,0.000,0.000,0.800,0.047,0.000,0.153,0.000,area_weighted,Low (<10%)
NGA.30_1,0.000,0.000,0.000,1.000,0.000,0.000,0.000,0.000,area_weighted,Low (<10%)
NGA.31_1,0.000,0.000,0.000,1.000,0.000,0.000,0.000,0.000,area_weighted,Low (<10%)
NGA.32_1,0.015,0.000,0.000,1.000,0.000,0.000,0.000,0.000,area_weighted,Low (<10%)
NGA.33_1,0.000,0.000,0.000,1.000,0.000,0.000,0.000,0.000,area_weighted,Low (<10%)
NGA.34_1,2.467,0.186,0.000,0.216,0.204,0.054,0.030,0.311,area_weighted,Medium - High (20-40%)
NGA.35_1,0.031,0.000,0.000,0.980,0.018,0.000,0.002,0.000,area_weighted,Low (<10%)
NGA.36_1,2.234,0.318,0.000,0.367,0.006,0.000,0.000,0.309,area_weighted,Medium - High (20-40%)
NGA.37_1,1.294,0.004,0.000,0.682,0.041,0.000,0.000,0.273,area_weighted,Low - Medium (10-20%)
NGA.3_1,0.000,0.000,0.000,1.000,0.000,0.000,0.000,0.000,area_weighted,Low (<10%)
NGA.4_1,0.000,0.000,0.000,1.000,0.000,0.000,0.000,0.000,area_weighted,Low (<10%)
NGA.5_1,0.296,0.000,0.000,0.956,0.044,0.000,0.000,0.000,area_weighted,Low (<10%)
NGA.6_1,0.000,0.000,0.000,1.000,0.000,0.000,0.000,0.000,area_weighted,Low (<10%)
NGA.7_1,0.000,0.000,0.000,1.000,0.000,0.000,0.000,0.000,area_weighted,Low (<10%)
NGA.8_1,0.593,0.104,0.001,0.805,0.000,0.000,0.000,0.090,area_weighted,Low (<10%)
NGA.9_1,0.000,0.000,0.000,1.000,0.000,0.000,0.000,0.000,area_weighted,Low (<10%)
NIC.10_1,0.000,0.000,0.000,1.000,0.000,0.000,0.000,0.000,area_weighted,Low (<10%)
NIC.11_1,0.300,0.000,0.000,1.000,0.000,0.000,0.000,0.000,area_weighted,Low (<10%)
NIC.12_1,0.024,0.000,0.000,1.000,0.000,0.000,0.000,0.000,area_weighted,Low (<10%)
NIC.13_1,0.216,0.000,0.000,1.000,0.000,0.000,0.000,0.000,area_weighted,Low (<10%)
NIC.14_1,0.000,0.000,0.000,1.000,0.000,0.000,0.000,0.000,area_weighted,Low (<10%)
NIC.15_1,0.000,0.000,0.000,1.000,0.000,0.000,0.000,0.000,area_weighted,Low (<10%)
NIC.16_1,0.018,0.000,0.000,1.000,0.000,0.000,0.000,0.000,area_weighted,Low (<10%)
NIC.17_1,0.000,0.000,0.000,1.000,0.000,0.000,0.000,0.000,area_weighted,Low (<10%)
NIC.18_1,0.421,0.000,0.000,1.000,0.000,0.000,0.000,0.000,area_weighted,Low (<10%)
NIC.1_1,0.000,0.000,0.000,1.000,0.000,0.000,0.000,0.000,area_weighted,Low (<10%)
NIC.2_1,0.000,0.000,0.000,1.000,0.000,0.000,0.000,0.000,area_weighted,Low (<10%)
NIC.3_1,0.000,0.000,0.000,1.000,0.000,0.000,0.000,0.000,area_weighted,Low (<10%)
NIC.4_1,0.687,0.000,0.000,1.000,0.000,0.000,0.000,0.000,area_weighted,Low (<10%)
NIC.5_1,0.364,0.000,0.000,1.000,0.000,0.000,0.000,0.000,area_weighted,Low (<10%)
NIC.6_1,0.000,0.000,0.000,1.000,0.000,0.000,0.000,0.000,area_weighted,Low (<10%)
NIC.7_1,0.041,0.000,0.000,1.000,0.000,0.000,0.000,0.000,area_weighted,Low (<10%)
NIC.8_1,0.049,0.000,0.000,1.000,0.000,0.000,0.000,0.000,area_weighted,Low (<10%)
NIC.9_1,0.000,0.000,0.000,1.000,0.000,0.000,0.000,0.000,area_weighted,Low (<10%)
NPL.1_1,2.467,0.000,0.000,0.286,0.046,0.184,0.300,0.184,area_weighted,Medium - High (20-40%)
NPL.2_1,1.168,0.000,0.000,0.421,0.365,0.196,0.018,0.000,area_weighted,Low - Medium (10-20%)
NPL.3_1,0.823,0.000,0.000,0.540,0.460,0.000,0.000,0.000,area_weighted,Low (<10%)
NPL.4_1,1.238,0.000,0.000,0.731,0.015,0.000,0.000,0.254,area_weighted,Low - Medium (10-20%)
NPL.5_1,3.552,0.000,0.000,0.023,0.000,0.000,0.807,0.170,area_weighted,High (40-80%)
NRU.10_1,,1.000,0.000,0.000,0.000,0.000,0.000,0.000,area_weighted,Arid and Low Water Use
NRU.11_1,,1.000,0.000,0.000,0.000,0.000,0.000,0.000,area_weighted,Arid and Low Water Use
NRU.12_1,,1.000,0.000,0.000,0.000,0.000,0.000,0.000,area_weighted,Arid and Low Water Use
NRU.13_1,,1.000,0.000,0.000,0.000,0.000,0.000,0.000,area_weighted,Arid and Low Water Use
NRU.14_1,,1.000,0.000,0.000,0.000,0.000,0.000,0.000,area_weighted,Arid and Low Water Use
NRU.1_1,,1.000,0.000,0.000,0.000,0.000,0.000,0.000,area_weighted,Arid and Low Water Use
NRU.2_1,,1.000,0.000,0.000,0.000,0.000,0.000,0.000,area_weighted,Arid and Low Water Use
NRU.3_1,,1.000,0.000,0.000,0.000,0.000,0.000,0.000,area_weighted,Arid and Low Water Use
NRU.4_1,,1.000,0.000,0.000,0.000,0.000,0.000,0.000,area_weighted,Arid and Low Water Use
NRU.5_1,,1.000,0.000,0.000,0.000,0.000,0.000,0.000,area_weighted,Arid and Low Water Use
NRU.6_1,,1.000,0.000,0.000,0.000,0.000,0.000,0.000,area_weighted,Arid and Low Water Use
NRU.7_1,,1.000,0.000,0.000,0.000,0.000,0.000,0.000,area_weighted,Arid and Low Water Use
NRU.8_1,,1.000,0.000,0.000,0.000,0.000,0.000,0.000,area_weighted,Arid and Low Water Use
NRU.9_1,,1.000,0.000,0.000,0.000,0.000,0.000,0.000,area_weighted,Arid and Low Water Use
OMN.10_1,5.000,0.000,0.000,0.000,0.000,0.000,0.000,1.000,area_weighted,Extremely High (>80%)
OMN.11_1,5.000,0.017,0.000,0.000,0.000,0.000,0.000,0.983,area_weighted,Extremely High (>80%)
OMN.1_1,5.000,0.881,0.000,0.000,0.000,0.000,0.000,0.119,area_weighted,Arid and Low Water Use
OMN.2_1,5.000,0.010,0.000,0.000,0.000,0.000,0.000,0.990,area_weighted,Extremely High (>80%)
OMN.3_1,5.000,0.000,0.000,0.000,0.000,0.000,0.000,1.000,area_weighted,Extremely High (>80%)
OMN.4_1,5.000,0.119,0.000,0.000,0.000,0.000,0.000,0.881,area_weighted,Extremely High (>80%)
OMN.5_1,5.000,0.951,0.000,0.000,0.000,0.000,0.000,0.049,area_weighted,Arid and Low Water Use
OMN.6_1,,1.000,0.000,0.000,0.000,0.000,0.000,0.000,area_weighted,Arid and Low Water Use
OMN.7_1,5.000,0.933,0.000,0.000,0.000,0.000,0.000,0.067,area_weighted,Arid and Low Water Use
OMN.8_1,5.000,0.699,0.000,0.000,0.000,0.000,0.000,0.301,area_weighted,Arid and Low Water Use
OMN.9_1,,1.000,0.000,0.000,0.000,0.000,0.000,0.000,area_weighted,Arid and Low Water Use
PAK.2_1,3.510,0.161,0.000,0.172,0.060,0.032,0.055,0.520,area_weighted,High (40-80%)
PAK.3_1,1.963,0.000,0.000,0.239,0.000,0.593,0.167,0.000,area_weighted,Low - Medium (10-20%)
PAK.4_1,0.162,0.000,0.000,1.000,0.000,0.000,0.000,0.000,area_weighted,Low (<10%)
PAK.5_1,1.129,0.000,0.000,0.582,0.062,0.164,0.192,0.000,area_weighted,Low - Medium (10-20%)
PAK.7_1,3.572,0.000,0.000,0.180,0.014,0.059,0.166,0.583,area_weighted,High (40-80%)
PAK.8_1,3.403,0.000,0.000,0.151,0.162,0.057,0.043,0.587,area_weighted,High (40-80%)
PAN.10_1,0.000,0.000,0.000,1.000,0.000,0.000,0.000,0.000,area_weighted,Low (<10%)
PAN.11_1,0.864,0.000,0.000,0.424,0.576,0.000,0.000,0.000,area_weighted,Low (<10%)
PAN.12_1,0.062,0.000,0.000,0.958,0.042,0.000,0.000,0.000,area_weighted,Low (<10%)
PAN.13_1,0.014,0.000,0.000,0.990,0.010,0.000,0.000,0.000,area_weighted,Low (<10%)
PAN.1_1,0.000,0.000,0.000,1.000,0.000,0.000,0.000,0.000,area_weighted,Low (<10%)
PAN.2_1,0.000,0.000,0.000,1.000,0.000,0.000,0.000,0.000,area_weighted,Low (<10%)
PAN.3_1,0.898,0.000,0.000,0.401,0.599,0.000,0.000,0.000,area_weighted,Low (<10%)
PAN.4_1,0.000,0.000,0.000,1.000,0.000,0.000,0.000,0.000,area_weighted,Low (<10%)
PAN.5_1,0.000,0.000,0.000,1.000,0.000,0.000,0.000,0.000,area_weighted,Low (<10%)
PAN.6_1,0.000,0.000,0.000,1.000,0.000,0.000,0.000,0.000,area_weighted,Low (<10%)
PAN.7_1,0.000,0.000,0.000,1.000,0.000,0.000,0.000,0.000,area_weighted,Low (<10%)
PAN.8_1,0.000,0.000,0.000,1.000,0.000,0.000,0.000,0.000,area_weighted,Low (<10%)
PAN.9_1,0.000,0.000,0.000,1.000,0.000,0.000,0.000,0.000,area_weighted,Low (<10%)
PER.10_1,0.001,0.000,0.000,1.000,0.000,0.000,0.000,0.000,area_weighted,Low (<10%)
PER.11_1,4.953,0.299,0.000,0.007,0.000,0.000,0.000,0.694,area_weighted,Extremely High (>80%)
PER.12_1,0.005,0.000,0.000,0.999,0.000,0.000,0.000,0.001,area_weighted,Low (<10%)
PER.13_1,3.009,0.000,0.000,0.344,0.000,0.094,0.000,0.562,area_weighted,High (40-80%)
PER.14_1,4.840,0.000,0.000,0.029,0.000,0.000,0.000,0.971,area_weighted,Extremely High (>80%)
PER.15_1,5.000,0.000,0.000,0.000,0.000,0.000,0.000,1.000,area_weighted,Extremely High (>80%)
PER.16_1,4.959,0.000,0.000,0.008,0.000,0.000,0.000,0.992,area_weighted,Extremely High (>80%)
PER.17_1,0.000,0.000,0.000,1.000,0.000,0.000,0.000,0.000,area_weighted,Low (<10%)
PER.18_1,0.000,0.000,0.000,1.000,0.000,0.000,0.000,0.000,area_weighted,Low (<10%)
PER.19_1,3.958,0.408,0.000,0.016,0.000,0.000,0.000,0.576,area_weighted,High (40-80%)
PER.1_1,0.000,0.000,0.000,1.000,0.000,0.000,0.000,0.000,area_weighted,Low (<10%)
PER.20_1,0.002,0.000,0.000,1.000,0.000,0.000,0.000,0.000,area_weighted,Low (<10%)
PER.21_1,3.601,0.000,0.000,0.066,0.102,0.292,0.000,0.540,area_weighted,High (40-80%)
PER.22_1,0.097,0.000,0.000,0.976,0.000,0.000,0.002,0.022,area_weighted,Low (<10%)
PER.23_1,0.000,0.000,0.000,1.000,0.000,0.000,0.000,0.000,area_weighted,Low (<10%)
PER.24_1,0.217,0.879,0.000,0.105,0.016,0.000,0.000,0.000,area_weighted,Arid and Low Water Use
PER.25_1,1.410,0.000,0.000,0.176,0.824,0.000,0.000,0.000,area_weighted,Low - Medium (10-20%)
PER.26_1,0.000,0.000,0.000,1.000,0.000,0.000,0.000,0.000,area_weighted,Low (<10%)
PER.2_1,2.990,0.000,0.000,0.254,0.000,0.266,0.000,0.480,area_weighted,Medium - High (20-40%)
PER.3_1,0.068,0.000,0.000,0.980,0.000,0.000,0.020,0.000,area_weighted,Low (<10%)
PER.4_1,3.706,0.251,0.000,0.058,0.007,0.000,0.411,0.273,area_weighted,High (40-80%)
PER.5_1,0.624,0.295,0.000,0.573,0.000,0.000,0.132,0.000,area_weighted,Low (<10%)
PER.6_1,1.438,0.000,0.000,0.711,0.000,0.000,0.000,0.289,area_weighted,Low - Medium (10-20%)
PER.7_1,5.000,0.000,0.000,0.000,0.000,0.000,0.000,1.000,area_weighted,Extremely High (>80%)
PER.8_1,0.021,0.000,0.000,0.994,0.000,0.000,0.006,0.000,area_weighted,Low (<10%)
PER.9_1,1.606,0.055,0.000,0.641,0.000,0.000,0.000,0.303,area_weighted,Low - Medium (10-20%)
PHL.10_1,2.346,0.000,0.000,0.000,0.000,1.000,0.000,0.000,area_weighted,Medium - High (20-40%)
PHL.11_1,1.808,0.000,0.000,0.000,1.000,0.000,0.000,0.000,area_weighted,Low - Medium (10-20%)
PHL.12_1,2.251,0.000,0.000,0.000,0.000,1.000,0.000,0.000,area_weighted,Medium - High (20-40%)
PHL.13_1,2.812,0.000,0.000,0.088,0.000,0.460,0.452,0.000,area_weighted,Medium - High (20-40%)
PHL.14_1,0.000,0.000,0.000,1.000,0.000,0.000,0.000,0.000,area_weighted,Low (<10%)
PHL.15_1,1.604,0.000,0.000,0.000,1.000,0.000,0.000,0.000,area_weighted,Low - Medium (10-20%)
PHL.16_1,0.462,0.000,0.000,1.000,0.000,0.000,0.000,0.000,area_weighted,Low (<10%)
PHL.17_1,3.424,0.000,0.000,0.024,0.000,0.297,0.000,0.680,area_weighted,High (40-80%)
PHL.18_1,1.811,0.000,0.000,0.278,0.070,0.652,0.000,0.000,area_weighted,Low - Medium (10-20%)
PHL.19_1,0.064,0.000,0.000,0.999,0.000,0.001,0.000,0.000,area_weighted,Low (<10%)
PHL.1_1,0.392,0.000,0.000,0.954,0.000,0.015,0.032,0.000,area_weighted,Low (<10%)
PHL.20_1,0.464,0.000,0.000,0.817,0.000,0.183,0.000,0.000,area_weighted,Low (<10%)
PHL.21_1,0.000,0.000,0.000,1.000,0.000,0.000,0.000,0.000,area_weighted,Low (<10%)
PHL.22_1,1.724,0.000,0.000,0.000,1.000,0.000,0.000,0.000,area_weighted,Low - Medium (10-20%)
PHL.23_1,0.000,0.000,0.000,1.000,0.000,0.000,0.000,0.000,area_weighted,Low (<10%)
PHL.24_1,2.251,0.000,0.000,0.000,0.000,1.000,0.000,0.000,area_weighted,Medium - High (20-40%)
PHL.25_1,2.599,0.000,0.000,0.076,0.000,0.924,0.000,0.000,area_weighted,Medium - High (20-40%)
PHL.26_1,0.109,0.000,0.000,0.908,0.092,0.000,0.000,0.000,area_weighted,Low (<10%)
PHL.27_1,0.660,0.000,0.000,0.443,0.557,0.000,0.000,0.000,area_weighted,Low (<10%)
PHL.28_1,0.003,0.000,0.000,1.000,0.000,0.000,0.000,0.000,area_weighted,Low (<10%)
PHL.29_1,0.000,0.000,0.000,1.000,0.000,0.000,0.000,0.000,area_weighted,Low (<10%)
PHL.2_1,0.000,0.000,0.000,1.000,0.000,0.000,0.000,0.000,area_weighted,Low (<10%)
PHL.30_1,0.000,0.000,0.000,1.000,0.000,0.000,0.000,0.000,area_weighted,Low (<10%)
PHL.31_1,0.000,0.000,0.000,1.000,0.000,0.000,0.000,0.000,area_weighted,Low (<10%)
PHL.32_1,0.321,0.000,0.000,1.000,0.000,0.000,0.000,0.000,area_weighted,Low (<10%)
PHL.33_1,2.478,0.000,0.000,0.000,0.000,1.000,0.000,0.000,area_weighted,Medium - High (20-40%)
PHL.34_1,2.838,0.000,0.000,0.004,0.000,0.996,0.000,0.000,area_weighted,Medium - High (20-40%)
PHL.35_1,2.502,0.000,0.000,0.237,0.000,0.166,0.597,0.000,area_weighted,Medium - High (20-40%)
PHL.36_1,1.724,0.000,0.000,0.000,1.000,0.000,0.000,0.000,area_weighted,Low - Medium (10-20%)
PHL.37_1,1.986,0.000,0.000,0.203,0.000,0.797,0.000,0.000,area_weighted,Low - Medium (10-20%)
PHL.38_1,2.461,0.000,0.000,0.007,0.000,0.993,0.000,0.000,area_weighted,Medium - High (20-40%)
PHL.39_1,3.297,0.000,0.000,0.000,0.000,0.000,1.000,0.000,area_weighted,High (40-80%)
PHL.3_1,0.014,0.000,0.000,0.989,0.011,0.000,0.000,0.000,area_weighted,Low (<10%)
PHL.40_1,2.162,0.000,0.000,0.041,0.000,0.959,0.000,0.000,area_weighted,Medium - High (20-40%)
PHL.41_1,0.527,0.000,0.000,1.000,0.000,0.000,0.000,0.000,area_weighted,Low (<10%)
PHL.42_1,0.564,0.000,0.000,1.000,0.000,0.000,0.000,0.000,area_weighted,Low (<10%)
PHL.43_1,0.000,0.000,0.000,1.000,0.000,0.000,0.000,0.000,area_weighted,Low (<10%)
PHL.44_1,0.545,0.000,0.000,1.000,0.000,0.000,0.000,0.000,area_weighted,Low (<10%)
PHL.45_1,1.947,0.000,0.000,0.000,1.000,0.000,0.000,0.000,area_weighted,Low - Medium (10-20%)
PHL.46_1,0.000,0.000,0.000,1.000,0.000,0.000,0.000,0.000,area_weighted,Low (<10%)
PHL.47_1,2.251,0.000,0.000,0.000,0.000,1.000,0.000,0.000,area_weighted,Medium - High (20-40%)
PHL.48_1,0.719,0.000,0.000,1.000,0.000,0.000,0.000,0.000,area_weighted,Low (<10%)
PHL.49_1,0.000,0.000,0.000,1.000,0.000,0.000,0.000,0.000,area_weighted,Low (<10%)
PHL.4_1,1.724,0.000,0.000,0.000,1.000,0.000,0.000,0.000,area_weighted,Low - Medium (10-20%)
PHL.50_1,2.162,0.000,0.000,0.142,0.000,0.858,0.000,0.000,area_weighted,Medium - High (20-40%)
PHL.51_1,0.916,0.000,0.000,1.000,0.000,0.000,0.000,0.000,area_weighted,Low (<10%)
PHL.52_1,0.916,0.000,0.000,1.000,0.000,0.000,0.000,0.000,area_weighted,Low (<10%)
PHL.53_1,0.731,0.000,0.000,1.000,0.000,0.000,0.000,0.000,area_weighted,Low (<10%)
PHL.54_1,0.000,0.000,0.000,1.000,0.000,0.000,0.000,0.000,area_weighted,Low (<10%)
PHL.55_1,3.899,0.000,0.000,0.006,0.000,0.106,0.000,0.888,area_weighted,High (40-80%)
PHL.56_1,2.521,0.000,0.000,0.020,0.000,0.936,0.000,0.044,area_weighted,Medium - High (20-40%)
PHL.57_1,1.947,0.000,0.000,0.000,1.000,0.000,0.000,0.000,area_weighted,Low - Medium (10-20%)
PHL.58_1,1.947,0.000,0.000,0.000,1.000,0.000,0.000,0.000,area_weighted,Low - Medium (10-20%)
PHL.59_1,0.779,0.000,0.000,1.000,0.000,0.000,0.000,0.000,area_weighted,Low (<10%)
PHL.5_1,0.687,0.000,0.000,0.715,0.000,0.285,0.000,0.000,area_weighted,Low (<10%)
PHL.60_1,3.631,0.000,0.000,0.000,0.000,0.248,0.000,0.752,area_weighted,High (40-80%)
PHL.61_1,2.743,0.000,0.000,0.000,0.000,0.812,0.181,0.007,area_weighted,Medium - High (20-40%)
PHL.62_1,1.060,0.000,0.000,0.541,0.000,0.459,0.000,0.000,area_weighted,Low - Medium (10-20%)
PHL.63_1,2.469,0.000,0.000,0.003,0.000,0.997,0.000,0.000,area_weighted,Medium - High (20-40%)
PHL.64_1,1.793,0.000,0.000,0.225,0.000,0.756,0.000,0.019,area_weighted,Low - Medium (10-20%)
PHL.65_1,1.942,0.000,0.000,0.000,1.000,0.000,0.000,0.000,area_weighted,Low - Medium (10-20%)
PHL.66_1,0.000,0.000,0.000,1.000,0.000,0.000,0.000,0.000,area_weighted,Low (<10%)
PHL.67_1,0.000,0.000,0.000,1.000,0.000,0.000,0.000,0.000,area_weighted,Low (<10%)
PHL.68_1,0.863,0.000,0.000,1.000,0.000,0.000,0.000,0.000,area_weighted,Low (<10%)
PHL.69_1,1.602,0.000,0.000,0.296,0.000,0.704,0.000,0.000,area_weighted,Low - Medium (10-20%)
PHL.6_1,1.735,0.000,0.000,0.000,1.000,0.000,0.000,0.000,area_weighted,Low - Medium (10-20%)
PHL.70_1,0.418,0.000,0.000,1.000,0.000,0.000,0.000,0.000,area_weighted,Low (<10%)
PHL.71_1,0.000,0.000,0.000,1.000,0.000,0.000,0.000,0.000,area_weighted,Low (<10%)
PHL.72_1,0.464,0.000,0.000,1.000,0.000,0.000,0.000,0.000,area_weighted,Low (<10%)
PHL.73_1,2.994,0.000,0.000,0.000,0.000,1.000,0.000,0.000,area_weighted,Medium - High (20-40%)
PHL.74_1,0.000,0.000,0.000,1.000,0.000,0.000,0.000,0.000,area_weighted,Low (<10%)
PHL.75_1,0.000,0.000,0.000,1.000,0.000,0.000,0.000,0.000,area_weighted,Low (<10%)
PHL.76_1,3.130,0.000,0.000,0.000,0.000,0.740,0.000,0.260,area_weighted,High (40-80%)
PHL.77_1,2.850,0.000,0.000,0.065,0.000,0.935,0.000,0.000,area_weighted,Medium - High (20-40%)
PHL.78_1,2.370,0.000,0.000,0.000,0.000,1.000,0.000,0.000,area_weighted,Medium - High (20-40%)
PHL.79_1,0.717,0.000,0.000,1.000,0.000,0.000,0.000,0.000,area_weighted,Low (<10%)
PHL.7_1,2.776,0.000,0.000,0.001,0.000,0.999,0.000,0.000,area_weighted,Medium - High (20-40%)
PHL.80_1,0.621,0.000,0.000,1.000,0.000,0.000,0.000,0.000,area_weighted,Low (<10%)
PHL.81_1,0.590,0.000,0.000,1.000,0.000,0.000,0.000,0.000,area_weighted,Low (<10%)
PHL.8_1,0.588,0.000,0.000,0.814,0.000,0.139,0.000,0.047,area_weighted,Low (<10%)
PHL.9_1,2.994,0.000,0.000,0.000,0.000,1.000,0.000,0.000,area_weighted,Medium - High (20-40%)
PNG.10_1,0.000,0.000,0.000,1.000,0.000,0.000,0.000,0.000,area_weighted,Low (<10%)
PNG.11_1,0.000,0.000,0.000,1.000,0.000,0.000,0.000,0.000,area_weighted,Low (<10%)
PNG.12_1,0.000,0.000,0.000,1.000,0.000,0.000,0.000,0.000,area_weighted,Low (<10%)
PNG.13_1,0.000,0.000,0.000,1.000,0.000,0.000,0.000,0.000,area_weighted,Low (<10%)
PNG.14_1,0.000,0.000,0.000,1.000,0.000,0.000,0.000,0.000,area_weighted,Low (<10%)
PNG.15_1,0.000,0.000,0.000,1.000,0.000,0.000,0.000,0.000,area_weighted,Low (<10%)
PNG.16_1,0.000,0.000,0.000,1.000,0.000,0.000,0.000,0.000,area_weighted,Low (<10%)
PNG.17_1,0.000,0.000,0.000,1.000,0.000,0.000,0.000,0.000,area_weighted,Low (<10%)
PNG.18_1,0.000,0.000,0.000,1.000,0.000,0.000,0.000,0.000,area_weighted,Low (<10%)
PNG.19_1,0.000,0.000,0.000,1.000,0.000,0.000,0.000,0.000,area_weighted,Low (<10%)
PNG.1_1,0.000,0.000,0.000,1.000,0.000,0.000,0.000,0.000,area_weighted,Low (<10%)
PNG.20_1,0.000,0.000,0.000,1.000,0.000,0.000,0.000,0.000,area_weighted,Low (<10%)
PNG.21_1,0.000,0.000,0.000,1.000,0.000,0.000,0.000,0.000,area_weighted,Low (<10%)
PNG.22_1,0.000,0.000,0.000,1.000,0.000,0.000,0.000,0.000,area_weighted,Low (<10%)
PNG.2_1,0.000,0.000,0.000,1.000,0.000,0.000,0.000,0.000,area_weighted,Low (<10%)
PNG.3_1,0.000,0.000,0.000,1.000,0.000,0.000,0.000,0.000,area_weighted,Low (<10%)
PNG.4_1,0.000,0.000,0.000,1.000,0.000,0.000,0.000,0.000,area_weighted,Low (<10%)
PNG.5_1,0.000,0.000,0.000,1.000,0.000,0.000,0.000,0.000,area_weighted,Low (<10%)
PNG.6_1,0.000,0.000,0.000,1.000,0.000,0.000,0.000,0.000,area_weighted,Low (<10%)
PNG.7_1,0.000,0.000,0.000,1.000,0.000,0.000,0.000,0.000,area_weighted,Low (<10%)
PNG.8_1,0.000,0.000,0.000,1.000,0.000,0.000,0.000,0.000,area_weighted,Low (<10%)
PNG.9_1,0.000,0.000,0.000,1.000,0.000,0.000,0.000,0.000,area_weighted,Low (<10%)
PRI.10_1,0.533,0.000,0.000,1.000,0.000,0.000,0.000,0.000,area_weighted,Low (<10%)
PRI.11_1,0.533,0.000,0.000,1.000,0.000,0.000,0.000,0.000,area_weighted,Low (<10%)
PRI.12_1,0.533,0.000,0.000,1.000,0.000,0.000,0.000,0.000,area_weighted,Low (<10%)
PRI.13_1,0.533,0.000,0.000,1.000,0.000,0.000,0.000,0.000,area_weighted,Low (<10%)
PRI.14_1,0.533,0.000,0.000,1.000,0.000,0.000,0.000,0.000,area_weighted,Low (<10%)
PRI.15_1,0.533,0.000,0.000,1.000,0.000,0.000,0.000,0.000,area_weighted,Low (<10%)
PRI.16_1,0.533,0.000,0.000,1.000,0.000,0.000,0.000,0.000,area_weighted,Low (<10%)
PRI.17_1,0.533,0.000,0.000,1.000,0.000,0.000,0.000,0.000,area_weighted,Low (<10%)
PRI.18_1,0.533,0.000,0.000,1.000,0.000,0.000,0.000,0.000,area_weighted,Low (<10%)
PRI.19_1,0.533,0.000,0.000,1.000,0.000,0.000,0.000,0.000,area_weighted,Low (<10%)
PRI.1_1,0.533,0.000,0.000,1.000,0.000,0.000,0.000,0.000,area_weighted,Low (<10%)
PRI.20_1,0.533,0.000,0.000,1.000,0.000,0.000,0.000,0.000,area_weighted,Low (<10%)
PRI.21_1,0.533,0.000,0.000,1.000,0.000,0.000,0.000,0.000,area_weighted,Low (<10%)
PRI.22_1,0.533,0.000,0.000,1.000,0.000,0.000,0.000,0.000,area_weighted,Low (<10%)
PRI.23_1,0.533,0.000,0.000,1.000,0.000,0.000,0.000,0.000,area_weighted,Low (<10%)
PRI.24_1,0.533,0.000,0.000,1.000,0.000,0.000,0.000,0.000,area_weighted,Low (<10%)
PRI.25_1,0.533,0.000,0.000,1.000,0.000,0.000,0.000,0.000,area_weighted,Low (<10%)
PRI.26_1,0.533,0.000,0.000,1.000,0.000,0.000,0.000,0.000,area_weighted,Low (<10%)
PRI.27_1,0.533,0.000,0.000,1.000,0.000,0.000,0.000,0.000,area_weighted,Low (<10%)
PRI.28_1,0.533,0.000,0.000,1.000,0.000,0.000,0.000,0.000,area_weighted,Low (<10%)
PRI.29_1,0.533,0.000,0.000,1.000,0.000,0.000,0.000,0.000,area_weighted,Low (<10%)
PRI.2_1,0.533,0.000,0.000,1.000,0.000,0.000,0.000,0.000,area_weighted,Low (<10%)
PRI.30_1,0.533,0.000,0.000,1.000,0.000,0.000,0.000,0.000,area_weighted,Low (<10%)
PRI.31_1,0.533,0.000,0.000,1.000,0.000,0.000,0.000,0.000,area_weighted,Low (<10%)
PRI.32_1,0.533,0.000,0.000,1.000,0.000,0.000,0.000,0.000,area_weighted,Low (<10%)
PRI.33_1,0.533,0.000,0.000,1.000,0.000,0.000,0.000,0.000,area_weighted,Low (<10%)
PRI.34_1,0.533,0.000,0.000,1.000,0.000,0.000,0.000,0.000,area_weighted,Low (<10%)
PRI.35_1,0.533,0.000,0.000,1.000,0.000,0.000,0.000,0.000,area_weighted,Low (<10%)
PRI.36_1,0.533,0.000,0.000,1.000,0.000,0.000,0.000,0.000,area_weighted,Low (<10%)
PRI.37_1,0.533,0.000,0.000,1.000,0.000,0.000,0.000,0.000,area_weighted,Low (<10%)
PRI.38_1,0.533,0.000,0.000,1.000,0.000,0.000,0.000,0.000,area_weighted,Low (<10%)
PRI.39_1,0.533,0.000,0.000,1.000,0.000,0.000,0.000,0.000,area_weighted,Low (<10%)
PRI.3_1,0.533,0.000,0.000,1.000,0.000,0.000,0.000,0.000,area_weighted,Low (<10%)
PRI.40_1,0.533,0.000,0.000,1.000,0.000,0.000,0.000,0.000,area_weighted,Low (<10%)
PRI.41_1,0.533,0.000,0.000,1.000,0.000,0.000,0.000,0.000,area_weighted,Low (<10%)
PRI.42_1,0.533,0.000,0.000,1.000,0.000,0.000,0.000,0.000,area_weighted,Low (<10%)
PRI.43_1,0.533,0.000,0.000,1.000,0.000,0.000,0.000,0.000,area_weighted,Low (<10%)
PRI.44_1,0.533,0.000,0.000,1.000,0.000,0.000,0.000,0.000,area_weighted,Low (<10%)
PRI.45_1,0.533,0.000,0.000,1.000,0.000,0.000,0.000,0.000,area_weighted,Low (<10%)
PRI.46_1,0.533,0.000,0.000,1.000,0.000,0.000,0.000,0.000,area_weighted,Low (<10%)
PRI.47_1,0.533,0.000,0.000,1.000,0.000,0.000,0.000,0.000,area_weighted,Low (<10%)
PRI.48_1,0.533,0.000,0.000,1.000,0.000,0.000,0.000,0.000,area_weighted,Low (<10%)
PRI.49_1,0.533,0.000,0.000,1.000,0.000,0.000,0.000,0.000,area_weighted,Low (<10%)
PRI.4_1,0.533,0.000,0.000,1.000,0.000,0.000,0.000,0.000,area_weighted,Low (<10%)
PRI.50_1,0.533,0.000,0.000,1.000,0.000,0.000,0.000,0.000,area_weighted,Low (<10%)
PRI.51_1,0.533,0.000,0.000,1.000,0.000,0.000,0.000,0.000,area_weighted,Low (<10%)
PRI.52_1,0.533,0.000,0.000,1.000,0.000,0.000,0.000,0.000,area_weighted,Low (<10%)
PRI.53_1,0.533,0.000,0.000,1.000,0.000,0.000,0.000,0.000,area_weighted,Low (<10%)
PRI.54_1,0.533,0.000,0.000,1.000,0.000,0.000,0.000,0.000,area_weighted,Low (<10%)
PRI.55_1,0.533,0.000,0.000,1.000,0.000,0.000,0.000,0.000,area_weighted,Low (<10%)
PRI.56_1,0.533,0.000,0.000,1.000,0.000,0.000,0.000,0.000,area_weighted,Low (<10%)
PRI.57_1,0.533,0.000,0.000,1.000,0.000,0.000,0.000,0.000,area_weighted,Low (<10%)
PRI.58_1,0.533,0.000,0.000,1.000,0.000,0.000,0.000,0.000,area_weighted,Low (<10%)
PRI.59_1,0.533,0.000,0.000,1.000,0.000,0.000,0.000,0.000,area_weighted,Low (<10%)
PRI.5_1,0.533,0.000,0.000,1.000,0.000,0.000,0.000,0.000,area_weighted,Low (<10%)
PRI.60_1,0.533,0.000,0.000,1.000,0.000,0.000,0.000,0.000,area_weighted,Low (<10%)
PRI.61_1,0.533,0.000,0.000,1.000,0.000,0.000,0.000,0.000,area_weighted,Low (<10%)
PRI.62_1,0.533,0.000,0.000,1.000,0.000,0.000,0.000,0.000,area_weighted,Low (<10%)
PRI.63_1,0.533,0.000,0.000,1.000,0.000,0.000,0.000,0.000,area_weighted,Low (<10%)
PRI.64_1,0.533,0.000,0.000,1.000,0.000,0.000,0.000,0.000,area_weighted,Low (<10%)
PRI.65_1,0.533,0.000,0.000,1.000,0.000,0.000,0.000,0.000,area_weighted,Low (<10%)
PRI.66_1,0.533,0.000,0.000,1.000,0.000,0.000,0.000,0.000,area_weighted,Low (<10%)
PRI.67_1,0.533,0.000,0.000,1.000,0.000,0.000,0.000,0.000,area_weighted,Low (<10%)
PRI.68_1,0.533,0.000,0.000,1.000,0.000,0.000,0.000,0.000,area_weighted,Low (<10%)
PRI.69_1,0.533,0.000,0.000,1.000,0.000,0.000,0.000,0.000,area_weighted,Low (<10%)
PRI.6_1,0.533,0.000,0.000,1.000,0.000,0.000,0.000,0.000,area_weighted,Low (<10%)
PRI.70_1,0.533,0.000,0.000,1.000,0.000,0.000,0.000,0.000,area_weighted,Low (<10%)
PRI.71_1,0.533,0.000,0.000,1.000,0.000,0.000,0.000,0.000,area_weighted,Low (<10%)
PRI.72_1,0.533,0.000,0.000,1.000,0.000,0.000,0.000,0.000,area_weighted,Low (<10%)
PRI.73_1,0.533,0.000,0.000,1.000,0.000,0.000,0.000,0.000,area_weighted,Low (<10%)
PRI.74_1,0.533,0.000,0.000,1.000,0.000,0.000,0.000,0.000,area_weighted,Low (<10%)
PRI.75_1,0.533,0.000,0.000,1.000,0.000,0.000,0.000,0.000,area_weighted,Low (<10%)
PRI.76_1,0.533,0.000,0.000,1.000,0.000,0.000,0.000,0.000,area_weighted,Low (<10%)
PRI.77_1,0.533,0.000,0.000,1.000,0.000,0.000,0.000,0.000,area_weighted,Low (<10%)
PRI.78_1,0.533,0.000,0.000,1.000,0.000,0.000,0.000,0.000,area_weighted,Low (<10%)
PRI.7_1,0.533,0.000,0.000,1.000,0.000,0.000,0.000,0.000,area_weighted,Low (<10%)
PRI.8_1,0.533,0.000,0.000,1.000,0.000,0.000,0.000,0.000,area_weighted,Low (<10%)
PRI.9_1,0.533,0.000,0.000,1.000,0.000,0.000,0.000,0.000,area_weighted,Low (<10%)
PRK.10_1,2.458,0.000,0.000,0.001,0.149,0.850,0.000,0.000,area_weighted,Medium - High (20-40%)
PRK.11_1,2.656,0.000,0.000,0.000,0.000,1.000,0.000,0.000,area_weighted,Medium - High (20-40%)
PRK.12_1,0.000,0.000,0.000,1.000,0.000,0.000,0.000,0.000,area_weighted,Low (<10%)
PRK.13_1,0.063,0.000,0.000,0.973,0.000,0.027,0.000,0.000,area_weighted,Low (<10%)
PRK.14_1,0.665,0.000,0.000,0.736,0.000,0.251,0.000,0.013,area_weighted,Low (<10%)
PRK.1_1,0.518,0.000,0.000,0.856,0.000,0.144,0.000,0.000,area_weighted,Low (<10%)
PRK.2_1,0.386,0.000,0.000,0.827,0.000,0.173,0.000,0.000,area_weighted,Low (<10%)
PRK.3_1,1.801,0.000,0.000,0.194,0.000,0.806,0.000,0.000,area_weighted,Low - Medium (10-20%)
PRK.4_1,2.832,0.000,0.000,0.000,0.019,0.613,0.367,0.000,area_weighted,Medium - High (20-40%)
PRK.5_1,3.544,0.000,0.000,0.000,0.001,0.214,0.786,0.000,area_weighted,High (40-80%)
PRK.6_1,1.699,0.000,0.000,0.200,0.675,0.000,0.126,0.000,area_weighted,Low - Medium (10-20%)
PRK.7_1,2.117,0.000,0.000,0.000,0.412,0.580,0.008,0.000,area_weighted,Medium - High (20-40%)
PRK.8_1,2.230,0.000,0.000,0.000,0.000,1.000,0.000,0.000,area_weighted,Medium - High (20-40%)
PRK.9_1,1.933,0.000,0.000,0.181,0.000,0.811,0.000,0.008,area_weighted,Low - Medium (10-20%)
PRY.10_1,0.000,0.000,0.000,1.000,0.000,0.000,0.000,0.000,area_weighted,Low (<10%)
PRY.11_1,0.000,0.000,0.000,1.000,0.000,0.000,0.000,0.000,area_weighted,Low (<10%)
PRY.12_1,0.000,0.000,0.000,1.000,0.000,0.000,0.000,0.000,area_weighted,Low (<10%)
PRY.13_1,0.000,0.000,0.000,1.000,0.000,0.000,0.000,0.000,area_weighted,Low (<10%)
PRY.14_1,0.000,0.000,0.000,1.000,0.000,0.000,0.000,0.000,area_weighted,Low (<10%)
PRY.15_1,0.000,0.000,0.000,1.000,0.000,0.000,0.000,0.000,area_weighted,Low (<10%)
PRY.16_1,0.000,0.000,0.000,1.000,0.000,0.000,0.000,0.000,area_weighted,Low (<10%)
PRY.17_1,0.000,0.000,0.000,1.000,0.000,0.000,0.000,0.000,area_weighted,Low (<10%)
PRY.18_1,0.000,0.000,0.000,1.000,0.000,0.000,0.000,0.000,area_weighted,Low (<10%)
PRY.1_1,0.029,0.000,0.000,0.989,0.000,0.011,0.000,0.000,area_weighted,Low (<10%)
PRY.2_1,0.000,0.000,0.000,1.000,0.000,0.000,0.000,0.000,area_weighted,Low (<10%)
PRY.3_1,0.000,0.000,0.000,1.000,0.000,0.000,0.000,0.000,area_weighted,Low (<10%)
PRY.4_1,0.000,0.000,0.000,1.000,0.000,0.000,0.000,0.000,area_weighted,Low (<10%)
PRY.5_1,0.414,0.000,0.000,0.846,0.000,0.154,0.000,0.000,area_weighted,Low (<10%)
PRY.6_1,0.000,0.000,0.000,1.000,0.000,0.000,0.000,0.000,area_weighted,Low (<10%)
PRY.7_1,0.000,0.000,0.000,1.000,0.000,0.000,0.000,0.000,area_weighted,Low (<10%)
PRY.8_1,0.000,0.000,0.000,1.000,0.000,0.000,0.000,0.000,area_weighted,Low (<10%)
PRY.9_1,0.000,0.000,0.000,1.000,0.000,0.000,0.000,0.000,area_weighted,Low (<10%)
PSE.1_1,5.000,0.000,0.000,0.000,0.000,0.000,0.000,1.000,area_weighted,Extremely High (>80%)
PSE.2_1,3.741,0.000,0.000,0.183,0.000,0.000,0.262,0.555,area_weighted,High (40-80%)
PYF.4_1,0.000,0.000,0.000,1.000,0.000,0.000,0.000,0.000,area_weighted,Low (<10%)
PYF.5_1,0.000,0.000,0.000,1.000,0.000,0.000,0.000,0.000,area_weighted,Low (<10%)
QAT.1_1,5.000,0.000,0.000,0.000,0.000,0.000,0.000,1.000,area_weighted,Extremely High (>80%)
QAT.2_1,5.000,0.000,0.000,0.000,0.000,0.000,0.000,1.000,area_weighted,Extremely High (>80%)
QAT.3_1,5.000,0.000,0.000,0.000,0.000,0.000,0.000,1.000,area_weighted,Extremely High (>80%)
QAT.4_1,5.000,0.000,0.000,0.000,0.000,0.000,0.000,1.000,area_weighted,Extremely High (>80%)
QAT.5_1,5.000,0.077,0.000,0.000,0.000,0.000,0.000,0.923,area_weighted,Extremely High (>80%)
QAT.6_1,5.000,0.000,0.000,0.000,0.000,0.000,0.000,1.000,area_weighted,Extremely High (>80%)
QAT.7_1,5.000,0.000,0.000,0.000,0.000,0.000,0.000,1.000,area_weighted,Extremely High (>80%)
RWA.1_1,0.000,0.000,0.000,1.000,0.000,0.000,0.000,0.000,area_weighted,Low (<10%)
RWA.2_1,0.000,0.000,0.000,1.000,0.000,0.000,0.000,0.000,area_weighted,Low (<10%)
RWA.3_1,0.000,0.000,0.000,1.000,0.000,0.000,0.000,0.000,area_weighted,Low (<10%)
RWA.4_1,0.000,0.000,0.000,1.000,0.000,0.000,0.000,0.000,area_weighted,Low (<10%)
RWA.5_1,0.000,0.000,0.000,1.000,0.000,0.000,0.000,0.000,area_weighted,Low (<10%)
SAU.10_1,4.873,0.000,0.000,0.000,0.000,0.000,0.000,1.000,area_weighted,Extremely High (>80%)
SAU.11_1,4.971,0.792,0.000,0.000,0.000,0.000,0.002,0.206,area_weighted,Arid and Low Water Use
SAU.12_1,4.994,0.870,0.000,0.000,0.000,0.000,0.000,0.129,area_weighted,Arid and Low Water Use
SAU.13_1,5.000,0.818,0.000,0.000,0.000,0.000,0.000,0.182,area_weighted,Arid and Low Water Use
SAU.1_1,4.725,0.586,0.000,0.000,0.000,0.000,0.063,0.351,area_weighted,Arid and Low Water Use
SAU.2_1,5.000,0.618,0.000,0.000,0.000,0.000,0.000,0.382,area_weighted,Arid and Low Water Use
SAU.3_1,4.995,0.964,0.000,0.000,0.000,0.000,0.000,0.036,area_weighted,Arid and Low Water Use
SAU.4_1,5.000,0.692,0.000,0.000,0.000,0.000,0.000,0.308,area_weighted,Arid and Low Water Use
SAU.5_1,5.000,0.972,0.000,0.000,0.000,0.000,0.000,0.028,area_weighted,Arid and Low Water Use
SAU.6_1,5.000,0.407,0.000,0.000,0.000,0.000,0.000,0.593,area_weighted,Extremely High (>80%)
SAU.7_1,4.988,0.593,0.000,0.000,0.000,0.002,0.000,0.405,area_weighted,Arid and Low Water Use
SAU.8_1,4.782,0.895,0.000,0.003,0.000,0.002,0.000,0.100,area_weighted,Arid and Low Water Use
SAU.9_1,5.000,0.710,0.000,0.000,0.000,0.000,0.000,0.290,area_weighted,Arid and Low Water Use
SDN.10_1,0.046,0.646,0.000,0.345,0.009,0.000,0.000,0.000,area_weighted,Arid and Low Water Use
SDN.11_1,3.260,0.790,0.000,0.072,0.000,0.000,0.000,0.138,area_weighted,Arid and Low Water Use
SDN.12_1,0.655,0.363,0.000,0.559,0.000,0.000,0.000,0.079,area_weighted,Low (<10%)
SDN.13_1,1.207,0.080,0.000,0.716,0.000,0.000,0.000,0.204,area_weighted,Low - Medium (10-20%)
SDN.14_1,2.910,0.903,0.000,0.013,0.000,0.030,0.054,0.000,area_weighted,Arid and Low Water Use
SDN.15_1,0.864,0.195,0.000,0.571,0.022,0.083,0.113,0.016,area_weighted,Low (<10%)
SDN.16_1,0.000,0.861,0.000,0.139,0.000,0.000,0.000,0.000,area_weighted,Arid and Low Water Use
SDN.17_1,2.012,0.689,0.000,0.183,0.000,0.000,0.001,0.127,area_weighted,Arid and Low Water Use
SDN.18_1,1.275,0.245,0.000,0.605,0.053,0.000,0.000,0.096,area_weighted,Low - Medium (10-20%)
SDN.1_1,0.549,0.000,0.000,0.948,0.000,0.000,0.000,0.052,area_weighted,Low (<10%)
SDN.2_1,1.960,0.042,0.000,0.601,0.000,0.000,0.000,0.356,area_weighted,Low - Medium (10-20%)
SDN.3_1,1.297,0.012,0.000,0.668,0.000,0.000,0.159,0.160,area_weighted,Low - Medium (10-20%)
SDN.4_1,0.185,0.867,0.000,0.123,0.000,0.009,0.001,0.000,area_weighted,Arid and Low Water Use
SDN.5_1,2.783,0.740,0.000,0.059,0.000,0.086,0.061,0.054,area_weighted,Arid and Low Water Use
SDN.6_1,4.304,0.034,0.000,0.146,0.000,0.000,0.019,0.802,area_weighted,Extremely High (>80%)
SDN.7_1,0.166,0.184,0.000,0.801,0.000,0.000,0.000,0.015,area_weighted,Low (<10%)
SDN.8_1,1.436,0.641,0.000,0.159,0.097,0.051,0.018,0.035,area_weighted,Arid and Low Water Use
SDN.9_1,1.408,0.668,0.000,0.169,0.065,0.004,0.089,0.004,area_weighted,Arid and Low Water Use
SEN.10_1,0.780,0.124,0.000,0.374,0.490,0.000,0.011,0.001,area_weighted,Low (<10%)
SEN.11_1,2.253,0.000,0.000,0.153,0.000,0.847,0.000,0.000,area_weighted,Medium - High (20-40%)
SEN.12_1,0.000,0.339,0.000,0.661,0.000,0.000,0.000,0.000,area_weighted,Low (<10%)
SEN.13_1,3.901,0.530,0.000,0.035,0.000,0.000,0.140,0.294,area_weighted,Arid and Low Water Use
SEN.14_1,0.893,0.000,0.000,0.664,0.000,0.336,0.000,0.000,area_weighted,Low (<10%)
SEN.1_1,5.000,0.000,0.000,0.000,0.000,0.000,0.000,1.000,area_weighted,Extremely High (>80%)
SEN.2_1,,1.000,0.000,0.000,0.000,0.000,0.000,0.000,area_weighted,Arid and Low Water Use
SEN.3_1,0.249,0.539,0.000,0.433,0.000,0.000,0.000,0.028,area_weighted,Arid and Low Water Use
SEN.4_1,0.000,0.657,0.000,0.343,0.000,0.000,0.000,0.000,area_weighted,Arid and Low Water Use
SEN.5_1,0.000,0.615,0.000,0.385,0.000,0.000,0.000,0.000,area_weighted,Arid and Low Water Use
SEN.6_1,0.000,0.000,0.000,1.000,0.000,0.000,0.000,0.000,area_weighted,Low (<10%)
SEN.7_1,1.177,0.000,0.000,0.589,0.000,0.411,0.000,0.000,area_weighted,Low - Medium (10-20%)
SEN.8_1,1.248,0.437,0.000,0.129,0.381,0.000,0.052,0.000,area_weighted,Low - Medium (10-20%)
SEN.9_1,0.000,0.807,0.000,0.193,0.000,0.000,0.000,0.000,area_weighted,Arid and Low Water Use
SLB.10_1,0.000,0.000,0.000,1.000,0.000,0.000,0.000,0.000,area_weighted,Low (<10%)
SLB.1_1,0.000,0.000,0.000,1.000,0.000,0.000,0.000,0.000,area_weighted,Low (<10%)
SLB.2_1,0.000,0.000,0.000,1.000,0.000,0.000,0.000,0.000,area_weighted,Low (<10%)
SLB.3_1,0.000,0.000,0.000,1.000,0.000,0.000,0.000,0.000,area_weighted,Low (<10%)
SLB.4_1,0.000,0.000,0.000,1.000,0.000,0.000,0.000,0.000,area_weighted,Low (<10%)
SLB.5_1,0.000,0.000,0.000,1.000,0.000,0.000,0.000,0.000,area_weighted,Low (<10%)
SLB.6_1,0.000,0.000,0.000,1.000,0.000,0.000,0.000,0.000,area_weighted,Low (<10%)
SLB.7_1,0.000,0.000,0.000,1.000,0.000,0.000,0.000,0.000,area_weighted,Low (<10%)
SLB.8_1,0.000,0.000,0.000,1.000,0.000,0.000,0.000,0.000,area_weighted,Low (<10%)
SLB.9_1,0.000,0.000,0.000,1.000,0.000,0.000,0.000,0.000,area_weighted,Low (<10%)
SLE.1_1,0.000,0.000,0.000,1.000,0.000,0.000,0.000,0.000,area_weighted,Low (<10%)
SLE.2_1,0.000,0.000,0.000,1.000,0.000,0.000,0.000,0.000,area_weighted,Low (<10%)
SLE.3_1,0.000,0.000,0.000,1.000,0.000,0.000,0.000,0.000,area_weighted,Low (<10%)
SLE.4_1,0.000,0.000,0.000,1.000,0.000,0.000,0.000,0.000,area_weighted,Low (<10%)
SLV.10_1,2.252,0.000,0.000,0.000,0.661,0.000,0.339,0.000,area_weighted,Medium - High (20-40%)
SLV.11_1,1.932,0.000,0.000,0.005,0.817,0.000,0.179,0.000,area_weighted,Low - Medium (10-20%)
SLV.12_1,1.523,0.000,0.000,0.000,0.994,0.000,0.006,0.000,area_weighted,Low - Medium (10-20%)
SLV.13_1,3.410,0.000,0.000,0.000,0.071,0.000,0.929,0.000,area_weighted,High (40-80%)
SLV.14_1,0.804,0.000,0.000,0.622,0.378,0.000,0.000,0.000,area_weighted,Low (<10%)
SLV.1_1,2.134,0.000,0.000,0.001,0.561,0.000,0.439,0.000,area_weighted,Medium - High (20-40%)
SLV.2_1,1.587,0.000,0.000,0.000,1.000,0.000,0.000,0.000,area_weighted,Low - Medium (10-20%)
SLV.3_1,1.587,0.000,0.000,0.000,1.000,0.000,0.000,0.000,area_weighted,Low - Medium (10-20%)
SLV.4_1,1.987,0.000,0.000,0.000,0.796,0.000,0.204,0.000,area_weighted,Low - Medium (10-20%)
SLV.5_1,2.513,0.000,0.000,0.000,0.528,0.000,0.472,0.000,area_weighted,Medium - High (20-40%)
SLV.6_1,3.551,0.000,0.000,0.000,0.000,0.000,1.000,0.000,area_weighted,High (40-80%)
SLV.7_1,0.339,0.000,0.000,0.991,0.009,0.000,0.000,0.000,area_weighted,Low (<10%)
SLV.8_1,0.961,0.000,0.000,0.498,0.502,0.000,0.000,0.000,area_weighted,Low (<10%)
SLV.9_1,0.731,0.000,0.000,0.680,0.320,0.000,0.000,0.000,area_weighted,Low (<10%)
SOM.10_1,0.075,0.335,0.003,0.644,0.004,0.015,0.000,0.000,area_weighted,Low (<10%)
SOM.11_1,2.597,0.592,0.000,0.069,0.000,0.144,0.194,0.000,area_weighted,Arid and Low Water Use
SOM.12_1,1.662,0.728,0.001,0.000,0.268,0.000,0.003,0.000,area_weighted,Arid and Low Water Use
SOM.13_1,0.144,0.713,0.000,0.262,0.025,0.000,0.000,0.000,area_weighted,Arid and Low Water Use
SOM.14_1,1.358,0.175,0.000,0.450,0.036,0.306,0.000,0.033,area_weighted,Low - Medium (10-20%)
SOM.15_1,1.361,0.099,0.000,0.539,0.132,0.067,0.000,0.163,area_weighted,Low - Medium (10-20%)
SOM.16_1,1.416,0.335,0.000,0.127,0.500,0.020,0.018,0.000,area_weighted,Low - Medium (10-20%)
SOM.17_1,1.795,0.606,0.000,0.082,0.066,0.245,0.000,0.000,area_weighted,Arid and Low Water Use
SOM.18_1,1.605,0.302,0.000,0.411,0.000,0.026,0.128,0.133,area_weighted,Low - Medium (10-20%)
SOM.1_1,0.624,0.168,0.000,0.621,0.000,0.194,0.017,0.000,area_weighted,Low (<10%)
SOM.2_1,2.274,0.199,0.000,0.396,0.000,0.000,0.000,0.406,area_weighted,Medium - High (20-40%)
SOM.3_1,2.896,0.000,0.000,0.000,0.000,1.000,0.000,0.000,area_weighted,Medium - High (20-40%)
SOM.4_1,1.637,0.993,0.000,0.000,0.007,0.000,0.000,0.000,area_weighted,Arid and Low Water Use
SOM.5_1,1.853,0.236,0.000,0.443,0.000,0.064,0.000,0.257,area_weighted,Low - Medium (10-20%)
SOM.6_1,1.680,0.710,0.000,0.127,0.045,0.016,0.102,0.000,area_weighted,Arid and Low Water Use
SOM.7_1,0.236,0.468,0.000,0.503,0.000,0.000,0.000,0.030,area_weighted,Low (<10%)
SOM.8_1,1.604,0.095,0.000,0.554,0.000,0.000,0.232,0.119,area_weighted,Low - Medium (10-20%)
SOM.9_1,0.047,0.179,0.000,0.808,0.000,0.013,0.000,0.000,area_weighted,Low (<10%)
SSD.10_1,0.042,0.467,0.000,0.533,0.000,0.000,0.000,0.000,area_weighted,Low (<10%)
SSD.1_1,0.151,0.236,0.000,0.750,0.000,0.000,0.000,0.014,area_weighted,Low (<10%)
SSD.2_1,0.450,0.000,0.000,0.834,0.095,0.000,0.072,0.000,area_weighted,Low (<10%)
SSD.3_1,0.999,0.200,0.000,0.580,0.047,0.000,0.001,0.173,area_weighted,Low (<10%)
SSD.4_1,0.113,0.706,0.000,0.294,0.000,0.000,0.000,0.000,area_weighted,Arid and Low Water Use
SSD.5_1,0.000,0.154,0.000,0.846,0.000,0.000,0.000,0.000,area_weighted,Low (<10%)
SSD.6_1,0.039,0.241,0.000,0.750,0.000,0.009,0.000,0.000,area_weighted,Low (<10%)
SSD.7_1,0.386,0.049,0.000,0.844,0.000,0.000,0.107,0.000,area_weighted,Low (<10%)
SSD.8_1,1.145,0.270,0.000,0.363,0.000,0.367,0.000,0.000,area_weighted,Low - Medium (10-20%)
SSD.9_1,0.003,0.246,0.000,0.753,0.000,0.001,0.000,0.000,area_weighted,Low (<10%)
STP.1_1,0.000,0.000,0.000,1.000,0.000,0.000,0.000,0.000,area_weighted,Low (<10%)
STP.2_1,0.000,0.000,0.000,1.000,0.000,0.000,0.000,0.000,area_weighted,Low (<10%)
SUR.10_1,0.000,0.000,0.000,1.000,0.000,0.000,0.000,0.000,area_weighted,Low (<10%)
SUR.1_1,0.000,0.000,0.000,1.000,0.000,0.000,0.000,0.000,area_weighted,Low (<10%)
SUR.2_1,0.000,0.000,0.000,1.000,0.000,0.000,0.000,0.000,area_weighted,Low (<10%)
SUR.3_1,0.380,0.000,0.000,0.853,0.000,0.147,0.000,0.000,area_weighted,Low (<10%)
SUR.4_1,0.002,0.000,0.000,0.999,0.000,0.000,0.001,0.000,area_weighted,Low (<10%)
SUR.5_1,1.051,0.000,0.000,0.601,0.000,0.385,0.000,0.014,area_weighted,Low - Medium (10-20%)
SUR.6_1,0.000,0.000,0.000,1.000,0.000,0.000,0.000,0.000,area_weighted,Low (<10%)
SUR.7_1,0.000,0.000,0.000,1.000,0.000,0.000,0.000,0.000,area_weighted,Low (<10%)
SUR.8_1,0.000,0.000,0.002,0.998,0.000,0.000,0.000,0.000,area_weighted,Low (<10%)
SUR.9_1,0.168,0.000,0.000,0.935,0.000,0.065,0.000,0.000,area_weighted,Low (<10%)
SWZ.1_1,0.442,0.000,0.000,1.000,0.000,0.000,0.000,0.000,area_weighted,Low (<10%)
SWZ.2_1,0.140,0.000,0.000,0.946,0.054,0.000,0.000,0.000,area_weighted,Low (<10%)
SWZ.3_1,0.093,0.000,0.000,1.000,0.000,0.000,0.000,0.000,area_weighted,Low (<10%)
SWZ.4_1,0.847,0.000,0.000,0.412,0.588,0.000,0.000,0.000,area_weighted,Low (<10%)
SYC.20_1,,0.865,0.135,0.000,0.000,0.000,0.000,0.000,area_weighted,Arid and Low Water Use
SYR.10_1,5.000,0.000,0.000,0.000,0.000,0.000,0.000,1.000,area_weighted,Extremely High (>80%)
SYR.11_1,5.000,0.000,0.000,0.000,0.000,0.000,0.000,1.000,area_weighted,Extremely High (>80%)
SYR.12_1,5.000,0.000,0.000,0.000,0.000,0.000,0.000,1.000,area_weighted,Extremely High (>80%)
SYR.13_1,4.722,0.505,0.000,0.000,0.000,0.059,0.000,0.436,area_weighted,Arid and Low Water Use
SYR.14_1,5.000,0.000,0.000,0.000,0.000,0.000,0.000,1.000,area_weighted,Extremely High (>80%)
SYR.1_1,4.759,0.000,0.000,0.014,0.001,0.024,0.046,0.914,area_weighted,Extremely High (>80%)
SYR.2_1,3.724,0.001,0.000,0.275,0.000,0.000,0.000,0.725,area_weighted,High (40-80%)
SYR.3_1,2.174,0.186,0.000,0.288,0.274,0.000,0.000,0.252,area_weighted,Medium - High (20-40%)
SYR.4_1,5.000,0.592,0.000,0.000,0.000,0.000,0.000,0.408,area_weighted,Arid and Low Water Use
SYR.5_1,5.000,0.000,0.000,0.000,0.000,0.000,0.000,1.000,area_weighted,Extremely High (>80%)
SYR.6_1,5.000,0.000,0.000,0.000,0.000,0.000,0.000,1.000,area_weighted,Extremely High (>80%)
SYR.7_1,1.948,0.336,0.000,0.259,0.165,0.000,0.112,0.128,area_weighted,Low - Medium (10-20%)
SYR.8_1,4.663,0.114,0.000,0.065,0.000,0.000,0.000,0.822,area_weighted,Extremely High (>80%)
SYR.9_1,3.613,0.799,0.000,0.056,0.000,0.000,0.000,0.145,area_weighted,Arid and Low Water Use
TCA.1_1,0.000,0.000,0.000,1.000,0.000,0.000,0.000,0.000,area_weighted,Low (<10%)
TCA.2_1,0.000,0.000,0.000,1.000,0.000,0.000,0.000,0.000,area_weighted,Low (<10%)
TCA.3_1,0.000,0.000,0.000,1.000,0.000,0.000,0.000,0.000,area_weighted,Low (<10%)
TCA.4_1,0.000,0.000,0.000,1.000,0.000,0.000,0.000,0.000,area_weighted,Low (<10%)
TCA.5_1,0.000,0.000,0.000,1.000,0.000,0.000,0.000,0.000,area_weighted,Low (<10%)
TCA.6_1,0.000,0.000,0.000,1.000,0.000,0.000,0.000,0.000,area_weighted,Low (<10%)
TCD.10_1,0.010,0.001,0.000,0.997,0.000,0.000,0.000,0.002,area_weighted,Low (<10%)
TCD.11_1,0.000,0.000,0.000,1.000,0.000,0.000,0.000,0.000,area_weighted,Low (<10%)
TCD.12_1,0.000,0.000,0.000,1.000,0.000,0.000,0.000,0.000,area_weighted,Low (<10%)
TCD.13_1,0.000,0.000,0.000,1.000,0.000,0.000,0.000,0.000,area_weighted,Low (<10%)
TCD.14_1,0.000,0.000,0.000,1.000,0.000,0.000,0.000,0.000,area_weighted,Low (<10%)
TCD.15_1,0.000,0.000,0.000,1.000,0.000,0.000,0.000,0.000,area_weighted,Low (<10%)
TCD.16_1,0.000,0.000,0.000,1.000,0.000,0.000,0.000,0.000,area_weighted,Low (<10%)
TCD.17_1,,1.000,0.000,0.000,0.000,0.000,0.000,0.000,area_weighted,Arid and Low Water Use
TCD.18_1,0.000,0.016,0.000,0.984,0.000,0.000,0.000,0.000,area_weighted,Low (<10%)
TCD.19_1,0.000,0.418,0.000,0.582,0.000,0.000,0.000,0.000,area_weighted,Low (<10%)
TCD.1_1,0.147,0.367,0.000,0.613,0.000,0.000,0.006,0.014,area_weighted,Low (<10%)
TCD.20_1,0.000,0.000,0.000,1.000,0.000,0.000,0.000,0.000,area_weighted,Low (<10%)
TCD.21_1,,1.000,0.000,0.000,0.000,0.000,0.000,0.000,area_weighted,Arid and Low Water Use
TCD.22_1,0.000,0.000,0.000,1.000,0.000,0.000,0.000,0.000,area_weighted,Low (<10%)
TCD.23_1,,1.000,0.000,0.000,0.000,0.000,0.000,0.000,area_weighted,Arid and Low Water Use
TCD.2_1,0.742,0.726,0.000,0.234,0.000,0.000,0.000,0.040,area_weighted,Arid and Low Water Use
TCD.3_1,2.339,0.903,0.000,0.047,0.000,0.011,0.000,0.039,area_weighted,Arid and Low Water Use
TCD.4_1,0.000,0.000,0.000,1.000,0.000,0.000,0.000,0.000,area_weighted,Low (<10%)
TCD.5_1,0.000,0.930,0.000,0.070,0.000,0.000,0.000,0.000,area_weighted,Arid and Low Water Use
TCD.6_1,,1.000,0.000,0.000,0.000,0.000,0.000,0.000,area_weighted,Arid and Low Water Use
TCD.7_1,0.000,0.257,0.000,0.743,0.000,0.000,0.000,0.000,area_weighted,Low (<10%)
TCD.8_1,0.025,0.048,0.000,0.939,0.013,0.000,0.000,0.000,area_weighted,Low (<10%)
TCD.9_1,0.253,0.569,0.000,0.403,0.000,0.000,0.028,0.000,area_weighted,Arid and Low Water Use
TGO.1_1,0.000,0.000,0.000,1.000,0.000,0.000,0.000,0.000,area_weighted,Low (<10%)
TGO.2_1,0.000,0.000,0.000,1.000,0.000,0.000,0.000,0.000,area_weighted,Low (<10%)
TGO.3_1,0.000,0.000,0.000,1.000,0.000,0.000,0.000,0.000,area_weighted,Low (<10%)
TGO.4_1,0.000,0.000,0.000,1.000,0.000,0.000,0.000,0.000,area_weighted,Low (<10%)
TGO.5_1,0.000,0.011,0.000,0.989,0.000,0.000,0.000,0.000,area_weighted,Low (<10%)
THA.10_1,3.794,0.000,0.000,0.056,0.000,0.000,0.095,0.849,area_weighted,High (40-80%)
THA.11_1,2.876,0.000,0.000,0.238,0.000,0.000,0.442,0.320,area_weighted,Medium - High (20-40%)
THA.12_1,3.947,0.000,0.000,0.000,0.001,0.155,0.381,0.463,area_weighted,High (40-80%)
THA.13_1,2.132,0.000,0.000,0.010,0.000,0.990,0.000,0.000,area_weighted,Medium - High (20-40%)
THA.14_1,3.583,0.000,0.000,0.001,0.263,0.000,0.061,0.676,area_weighted,High (40-80%)
THA.15_1,4.236,0.000,0.000,0.000,0.000,0.000,0.024,0.975,area_weighted,Extremely High (>80%)
THA.16_1,3.042,0.000,0.000,0.019,0.015,0.865,0.000,0.102,area_weighted,High (40-80%)
THA.17_1,3.978,0.000,0.000,0.000,0.000,0.000,0.540,0.460,area_weighted,High (40-80%)
THA.18_1,0.167,0.000,0.000,0.993,0.007,0.000,0.000,0.000,area_weighted,Low (<10%)
THA.19_1,4.227,0.000,0.000,0.000,0.000,0.000,0.000,1.000,area_weighted,Extremely High (>80%)
THA.1_1,0.000,0.000,0.000,1.000,0.000,0.000,0.000,0.000,area_weighted,Low (<10%)
THA.20_1,4.118,0.000,0.000,0.000,0.000,0.000,0.000,1.000,area_weighted,Extremely High (>80%)
THA.21_1,1.618,0.000,0.000,0.517,0.003,0.263,0.159,0.058,area_weighted,Low - Medium (10-20%)
THA.22_1,4.414,0.000,0.000,0.000,0.000,0.000,0.000,1.000,area_weighted,Extremely High (>80%)
THA.23_1,0.038,0.000,0.000,0.991,0.000,0.000,0.000,0.009,area_weighted,Low (<10%)
THA.24_1,3.771,0.000,0.000,0.000,0.000,0.000,0.576,0.424,area_weighted,High (40-80%)
THA.25_1,0.029,0.000,0.000,0.984,0.016,0.000,0.000,0.000,area_weighted,Low (<10%)
THA.26_1,4.988,0.000,0.000,0.000,0.000,0.000,0.000,1.000,area_weighted,Extremely High (>80%)
THA.27_1,4.721,0.000,0.000,0.000,0.000,0.001,0.000,0.999,area_weighted,Extremely High (>80%)
THA.28_1,0.045,0.000,0.000,1.000,0.000,0.000,0.000,0.000,area_weighted,Low (<10%)
THA.29_1,4.257,0.000,0.000,0.000,0.000,0.000,0.520,0.480,area_weighted,Extremely High (>80%)
THA.2_1,4.013,0.000,0.000,0.000,0.000,0.000,0.000,1.000,area_weighted,Extremely High (>80%)
THA.30_1,3.898,0.000,0.000,0.000,0.000,0.000,0.140,0.859,area_weighted,High (40-80%)
THA.31_1,2.354,0.000,0.000,0.239,0.117,0.014,0.630,0.000,area_weighted,Medium - High (20-40%)
THA.32_1,3.633,0.000,0.000,0.004,0.000,0.000,0.952,0.044,area_weighted,High (40-80%)
THA.33_1,2.198,0.000,0.000,0.001,0.000,0.999,0.000,0.000,area_weighted,Medium - High (20-40%)
THA.34_1,2.685,0.000,0.000,0.242,0.000,0.020,0.738,0.000,area_weighted,Medium - High (20-40%)
THA.35_1,0.460,0.000,0.000,0.896,0.000,0.104,0.000,0.000,area_weighted,Low (<10%)
THA.36_1,4.246,0.000,0.000,0.000,0.000,0.000,0.295,0.705,area_weighted,Extremely High (>80%)
THA.37_1,4.515,0.000,0.000,0.000,0.000,0.000,0.227,0.773,area_weighted,Extremely High (>80%)
THA.38_1,2.200,0.000,0.000,0.000,0.000,1.000,0.000,0.000,area_weighted,Medium - High (20-40%)
THA.39_1,0.167,0.000,0.000,1.000,0.000,0.000,0.000,0.000,area_weighted,Low (<10%)
THA.3_1,4.208,0.000,0.000,0.000,0.000,0.000,0.407,0.593,area_weighted,Extremely High (>80%)
THA.40_1,2.105,0.000,0.000,0.000,0.001,0.956,0.043,0.000,area_weighted,Medium - High (20-40%)
THA.41_1,4.646,0.000,0.000,0.001,0.000,0.000,0.005,0.994,area_weighted,Extremely High (>80%)
THA.42_1,4.088,0.000,0.000,0.009,0.000,0.001,0.256,0.733,area_weighted,Extremely High (>80%)
THA.43_1,2.855,0.000,0.000,0.003,0.000,0.949,0.000,0.048,area_weighted,Medium - High (20-40%)
THA.44_1,3.716,0.000,0.000,0.000,0.000,0.000,0.584,0.416,area_weighted,High (40-80%)
THA.45_1,2.743,0.000,0.000,0.000,0.479,0.009,0.386,0.126,area_weighted,Medium - High (20-40%)
THA.46_1,4.221,0.000,0.000,0.000,0.000,0.000,0.127,0.873,area_weighted,Extremely High (>80%)
THA.47_1,4.608,0.000,0.000,0.000,0.000,0.000,0.016,0.984,area_weighted,Extremely High (>80%)
THA.48_1,0.168,0.000,0.000,1.000,0.000,0.000,0.000,0.000,area_weighted,Low (<10%)
THA.49_1,4.990,0.000,0.000,0.000,0.000,0.000,0.010,0.990,area_weighted,Extremely High (>80%)
THA.4_1,0.079,0.000,0.000,1.000,0.000,0.000,0.000,0.000,area_weighted,Low (<10%)
THA.50_1,2.142,0.000,0.000,0.005,0.000,0.995,0.000,0.000,area_weighted,Medium - High (20-40%)
THA.51_1,0.197,0.000,0.000,0.984,0.000,0.016,0.000,0.000,area_weighted,Low (<10%)
THA.52_1,3.220,0.000,0.000,0.001,0.000,0.849,0.000,0.150,area_weighted,High (40-80%)
THA.53_1,2.874,0.000,0.000,0.000,0.036,0.385,0.579,0.000,area_weighted,Medium - High (20-40%)
THA.54_1,2.907,0.000,0.000,0.005,0.544,0.000,0.135,0.317,area_weighted,Medium - High (20-40%)
THA.55_1,4.698,0.000,0.000,0.000,0.001,0.000,0.000,0.999,area_weighted,Extremely High (>80%)
THA.56_1,0.112,0.000,0.000,0.996,0.002,0.000,0.000,0.002,area_weighted,Low (<10%)
THA.57_1,3.728,0.000,0.000,0.000,0.000,0.000,0.673,0.327,area_weighted,High (40-80%)
THA.58_1,4.443,0.000,0.017,0.000,0.000,0.000,0.178,0.805,area_weighted,Extremely High (>80%)
THA.59_1,4.123,0.000,0.000,0.000,0.000,0.410,0.000,0.590,area_weighted,Extremely High (>80%)
THA.5_1,4.822,0.000,0.000,0.000,0.001,0.000,0.030,0.968,area_weighted,Extremely High (>80%)
THA.60_1,4.601,0.000,0.000,0.000,0.000,0.000,0.000,1.000,area_weighted,Extremely High (>80%)
THA.61_1,2.372,0.000,0.000,0.083,0.000,0.917,0.000,0.000,area_weighted,Medium - High (20-40%)
THA.62_1,3.200,0.000,0.000,0.050,0.039,0.000,0.889,0.022,area_weighted,High (40-80%)
THA.63_1,4.009,0.000,0.000,0.000,0.000,0.000,0.000,1.000,area_weighted,Extremely High (>80%)
THA.64_1,2.232,0.000,0.000,0.000,0.000,0.952,0.048,0.000,area_weighted,Medium - High (20-40%)
THA.65_1,4.595,0.000,0.000,0.000,0.000,0.000,0.029,0.971,area_weighted,Extremely High (>80%)
THA.66_1,4.490,0.000,0.000,0.000,0.000,0.110,0.000,0.890,area_weighted,Extremely High (>80%)
THA.67_1,0.925,0.000,0.000,0.668,0.000,0.221,0.110,0.000,area_weighted,Low (<10%)
THA.68_1,3.810,0.000,0.000,0.000,0.004,0.000,0.681,0.315,area_weighted,High (40-80%)
THA.69_1,2.486,0.000,0.000,0.320,0.000,0.270,0.000,0.410,area_weighted,Medium - High (20-40%)
THA.6_1,4.943,0.000,0.000,0.000,0.007,0.001,0.018,0.975,area_weighted,Extremely High (>80%)
THA.70_1,1.917,0.000,0.000,0.136,0.487,0.367,0.010,0.000,area_weighted,Low - Medium (10-20%)
THA.71_1,1.864,0.000,0.000,0.000,1.000,0.000,0.000,0.000,area_weighted,Low - Medium (10-20%)
THA.72_1,0.306,0.000,0.000,0.916,0.045,0.000,0.039,0.000,area_weighted,Low (<10%)
THA.73_1,2.338,0.000,0.000,0.362,0.000,0.328,0.022,0.288,area_weighted,Medium - High (20-40%)
THA.74_1,3.763,0.000,0.000,0.000,0.000,0.334,0.000,0.666,area_weighted,High (40-80%)
THA.75_1,3.569,0.000,0.000,0.001,0.025,0.001,0.962,0.011,area_weighted,High (40-80%)
THA.76_1,2.187,0.000,0.000,0.005,0.002,0.993,0.000,0.000,area_weighted,Medium - High (20-40%)
THA.77_1,0.818,0.000,0.000,0.577,0.408,0.000,0.001,0.014,area_weighted,Low (<10%)
THA.7_1,4.404,0.000,0.000,0.000,0.000,0.000,0.000,1.000,area_weighted,Extremely High (>80%)
THA.8_1,4.275,0.000,0.000,0.000,0.000,0.000,0.269,0.731,area_weighted,Extremely High (>80%)
THA.9_1,2.083,0.000,0.000,0.000,0.918,0.001,0.000,0.081,area_weighted,Medium - High (20-40%)
TJK.1_1,0.259,0.000,0.000,1.000,0.000,0.000,0.000,0.000,area_weighted,Low (<10%)
TJK.2_1,2.268,0.000,0.000,0.410,0.001,0.000,0.504,0.085,area_weighted,Medium - High (20-40%)
TJK.3_1,2.269,0.000,0.000,0.484,0.000,0.002,0.000,0.514,area_weighted,Medium - High (20-40%)
TJK.4_1,2.332,0.000,0.000,0.333,0.000,0.408,0.000,0.259,area_weighted,Medium - High (20-40%)
TJK.5_1,0.549,0.000,0.000,0.886,0.023,0.000,0.000,0.091,area_weighted,Low (<10%)
TKM.1_1,3.037,0.199,0.000,0.246,0.008,0.091,0.062,0.395,area_weighted,High (40-80%)
TKM.2_1,4.238,0.000,0.000,0.000,0.000,0.301,0.000,0.699,area_weighted,Extremely High (>80%)
TKM.3_1,3.042,0.543,0.000,0.078,0.046,0.074,0.102,0.157,area_weighted,Arid and Low Water Use
TKM.4_1,2.237,0.109,0.000,0.304,0.123,0.223,0.090,0.151,area_weighted,Medium - High (20-40%)
TKM.5_1,4.834,0.143,0.000,0.015,0.000,0.000,0.047,0.794,area_weighted,Extremely High (>80%)
TKM.6_1,2.954,0.389,0.000,0.000,0.000,0.611,0.000,0.000,area_weighted,Medium - High (20-40%)
TLS.10_1,1.772,0.000,0.000,0.000,1.000,0.000,0.000,0.000,area_weighted,Low - Medium (10-20%)
TLS.11_1,1.772,0.000,0.000,0.000,1.000,0.000,0.000,0.000,area_weighted,Low - Medium (10-20%)
TLS.12_1,1.772,0.000,0.000,0.000,1.000,0.000,0.000,0.000,area_weighted,Low - Medium (10-20%)
TLS.13_1,1.772,0.000,0.000,0.000,1.000,0.000,0.000,0.000,area_weighted,Low - Medium (10-20%)
TLS.1_1,1.772,0.000,0.000,0.000,1.000,0.000,0.000,0.000,area_weighted,Low - Medium (10-20%)
TLS.2_1,1.772,0.000,0.000,0.000,1.000,0.000,0.000,0.000,area_weighted,Low - Medium (10-20%)
TLS.3_1,1.772,0.000,0.000,0.000,1.000,0.000,0.000,0.000,area_weighted,Low - Medium (10-20%)
TLS.4_1,1.772,0.000,0.000,0.000,1.000,0.000,0.000,0.000,area_weighted,Low - Medium (10-20%)
TLS.5_1,1.772,0.000,0.000,0.000,1.000,0.000,0.000,0.000,area_weighted,Low - Medium (10-20%)
TLS.6_1,1.772,0.000,0.000,0.000,1.000,0.000,0.000,0.000,area_weighted,Low - Medium (10-20%)
TLS.7_1,1.772,0.388,0.000,0.000,0.612,0.000,0.000,0.000,area_weighted,Low - Medium (10-20%)
TLS.8_1,1.772,0.000,0.000,0.000,1.000,0.000,0.000,0.000,area_weighted,Low - Medium (10-20%)
TLS.9_1,1.772,0.000,0.000,0.000,1.000,0.000,0.000,0.000,area_weighted,Low - Medium (10-20%)
TTO.10_1,1.076,0.000,0.000,0.000,1.000,0.000,0.000,0.000,area_weighted,Low - Medium (10-20%)
TTO.11_1,1.076,0.000,0.000,0.000,1.000,0.000,0.000,0.000,area_weighted,Low - Medium (10-20%)
TTO.12_1,1.076,0.000,0.000,0.000,1.000,0.000,0.000,0.000,area_weighted,Low - Medium (10-20%)
TTO.13_1,1.076,0.000,0.000,0.000,1.000,0.000,0.000,0.000,area_weighted,Low - Medium (10-20%)
TTO.14_1,1.076,0.000,0.000,0.000,1.000,0.000,0.000,0.000,area_weighted,Low - Medium (10-20%)
TTO.15_1,1.076,0.000,0.000,0.000,1.000,0.000,0.000,0.000,area_weighted,Low - Medium (10-20%)
TTO.1_1,1.076,0.000,0.000,0.000,1.000,0.000,0.000,0.000,area_weighted,Low - Medium (10-20%)
TTO.2_1,1.076,0.000,0.000,0.000,1.000,0.000,0.000,0.000,area_weighted,Low - Medium (10-20%)
TTO.3_1,1.076,0.000,0.000,0.000,1.000,0.000,0.000,0.000,area_weighted,Low - Medium (10-20%)
TTO.4_1,1.076,0.000,0.000,0.000,1.000,0.000,0.000,0.000,area_weighted,Low - Medium (10-20%)
TTO.5_1,1.076,0.000,0.000,0.000,1.000,0.000,0.000,0.000,area_weighted,Low - Medium (10-20%)
TTO.6_1,1.076,0.000,0.000,0.000,1.000,0.000,0.000,0.000,area_weighted,Low - Medium (10-20%)
TTO.7_1,1.076,0.000,0.000,0.000,1.000,0.000,0.000,0.000,area_weighted,Low - Medium (10-20%)
TTO.8_1,1.076,0.000,0.000,0.000,1.000,0.000,0.000,0.000,area_weighted,Low - Medium (10-20%)
TTO.9_1,1.076,0.000,0.000,0.000,1.000,0.000,0.000,0.000,area_weighted,Low - Medium (10-20%)
TUN.10_1,4.324,0.984,0.001,0.000,0.000,0.002,0.002,0.012,area_weighted,Arid and Low Water Use
TUN.11_1,3.619,0.000,0.000,0.000,0.000,0.000,0.951,0.049,area_weighted,High (40-80%)
TUN.12_1,4.766,0.000,0.000,0.000,0.000,0.000,0.000,1.000,area_weighted,Extremely High (>80%)
TUN.13_1,3.475,0.000,0.000,0.000,0.000,0.000,0.991,0.009,area_weighted,High (40-80%)
TUN.14_1,2.345,0.081,0.018,0.000,0.402,0.000,0.500,0.000,area_weighted,Medium - High (20-40%)
TUN.15_1,4.766,0.000,0.000,0.000,0.000,0.000,0.000,1.000,area_weighted,Extremely High (>80%)
TUN.16_1,5.000,0.000,0.000,0.000,0.000,0.000,0.000,1.000,area_weighted,Extremely High (>80%)
TUN.17_1,4.766,0.000,0.000,0.000,0.000,0.000,0.000,1.000,area_weighted,Extremely High (>80%)
TUN.18_1,4.791,0.000,0.000,0.000,0.000,0.000,0.035,0.965,area_weighted,Extremely High (>80%)
TUN.19_1,4.047,0.000,0.000,0.000,0.000,0.000,0.656,0.344,area_weighted,Extremely High (>80%)
TUN.1_1,4.342,0.000,0.000,0.000,0.000,0.000,0.446,0.554,area_weighted,Extremely High (>80%)
TUN.20_1,4.911,0.000,0.000,0.000,0.000,0.000,0.000,1.000,area_weighted,Extremely High (>80%)
TUN.21_1,1.192,0.724,0.000,0.000,0.258,0.000,0.018,0.000,area_weighted,Arid and Low Water Use
TUN.22_1,3.174,0.384,0.000,0.000,0.000,0.153,0.463,0.000,area_weighted,High (40-80%)
TUN.23_1,4.786,0.000,0.000,0.000,0.000,0.000,0.148,0.852,area_weighted,Extremely High (>80%)
TUN.24_1,4.919,0.000,0.000,0.000,0.000,0.000,0.056,0.944,area_weighted,Extremely High (>80%)
TUN.2_1,3.412,0.000,0.000,0.000,0.000,0.000,1.000,0.000,area_weighted,High (40-80%)
TUN.3_1,4.865,0.000,0.000,0.000,0.000,0.000,0.093,0.907,area_weighted,Extremely High (>80%)
TUN.4_1,3.078,0.000,0.000,0.000,0.000,0.000,1.000,0.000,area_weighted,High (40-80%)
TUN.5_1,3.727,0.566,0.000,0.000,0.000,0.000,0.298,0.136,area_weighted,Arid and Low Water Use
TUN.6_1,3.613,0.000,0.000,0.000,0.000,0.000,0.795,0.205,area_weighted,High (40-80%)
TUN.7_1,3.388,0.000,0.000,0.000,0.000,0.000,1.000,0.000,area_weighted,High (40-80%)
TUN.8_1,4.933,0.000,0.000,0.000,0.000,0.000,0.003,0.997,area_weighted,Extremely High (>80%)
TUN.9_1,4.309,0.000,0.000,0.000,0.000,0.000,0.430,0.570,area_weighted,Extremely High (>80%)
TUR.10_1,0.045,0.000,0.000,0.973,0.027,0.000,0.000,0.000,area_weighted,Low (<10%)
TUR.11_1,4.196,0.000,0.000,0.000,0.000,0.000,0.031,0.969,area_weighted,Extremely High (>80%)
TUR.12_1,3.481,0.000,0.000,0.000,0.000,0.000,0.707,0.293,area_weighted,High (40-80%)
TUR.13_1,1.590,0.000,0.000,0.000,1.000,0.000,0.000,0.000,area_weighted,Low - Medium (10-20%)
TUR.14_1,2.276,0.000,0.000,0.287,0.013,0.363,0.337,0.000,area_weighted,Medium - High (20-40%)
TUR.15_1,0.029,0.000,0.000,0.991,0.000,0.000,0.009,0.000,area_weighted,Low (<10%)
TUR.16_1,1.397,0.000,0.000,0.757,0.000,0.000,0.177,0.066,area_weighted,Low - Medium (10-20%)
TUR.17_1,1.106,0.000,0.000,0.555,0.033,0.292,0.121,0.000,area_weighted,Low - Medium (10-20%)
TUR.18_1,3.020,0.000,0.000,0.005,0.294,0.116,0.586,0.000,area_weighted,High (40-80%)
TUR.19_1,1.189,0.000,0.000,0.456,0.544,0.000,0.000,0.000,area_weighted,Low - Medium (10-20%)
TUR.1_1,4.221,0.000,0.000,0.000,0.028,0.000,0.003,0.969,area_weighted,Extremely High (>80%)
TUR.20_1,3.843,0.000,0.000,0.000,0.000,0.000,0.524,0.476,area_weighted,High (40-80%)
TUR.21_1,3.336,0.000,0.000,0.000,0.000,0.000,0.992,0.008,area_weighted,High (40-80%)
TUR.22_1,4.202,0.000,0.000,0.000,0.002,0.000,0.001,0.997,area_weighted,Extremely High (>80%)
TUR.23_1,1.314,0.000,0.000,0.459,0.254,0.234,0.044,0.009,area_weighted,Low - Medium (10-20%)
TUR.24_1,2.058,0.000,0.000,0.442,0.000,0.377,0.000,0.181,area_weighted,Medium - High (20-40%)
TUR.25_1,4.021,0.000,0.000,0.000,0.000,0.000,0.207,0.793,area_weighted,Extremely High (>80%)
TUR.26_1,2.872,0.000,0.000,0.122,0.000,0.000,0.878,0.000,area_weighted,Medium - High (20-40%)
TUR.27_1,1.586,0.000,0.000,0.007,0.993,0.000,0.000,0.000,area_weighted,Low - Medium (10-20%)
TUR.28_1,2.092,0.000,0.002,0.000,0.517,0.388,0.000,0.093,area_weighted,Medium - High (20-40%)
TUR.29_1,1.085,0.000,0.000,0.414,0.274,0.150,0.161,0.001,area_weighted,Low - Medium (10-20%)
TUR.2_1,1.265,0.000,0.000,0.686,0.000,0.000,0.261,0.053,area_weighted,Low - Medium (10-20%)
TUR.30_1,0.047,0.000,0.000,0.982,0.000,0.011,0.007,0.000,area_weighted,Low (<10%)
TUR.31_1,0.707,0.000,0.000,0.584,0.364,0.016,0.036,0.000,area_weighted,Low (<10%)
TUR.32_1,4.147,0.000,0.000,0.136,0.000,0.000,0.000,0.864,area_weighted,Extremely High (>80%)
TUR.33_1,1.965,0.000,0.000,0.649,0.000,0.000,0.012,0.338,area_weighted,Low - Medium (10-20%)
TUR.34_1,0.389,0.000,0.001,0.916,0.055,0.000,0.028,0.000,area_weighted,Low (<10%)
TUR.35_1,1.368,0.000,0.000,0.583,0.000,0.000,0.417,0.000,area_weighted,Low - Medium (10-20%)
TUR.36_1,3.463,0.000,0.000,0.000,0.000,0.000,0.932,0.068,area_weighted,High (40-80%)
TUR.37_1,4.357,0.000,0.000,0.000,0.073,0.000,0.269,0.659,area_weighted,Extremely High (>80%)
TUR.38_1,2.962,0.000,0.000,0.000,0.125,0.346,0.529,0.000,area_weighted,Medium - High (20-40%)
TUR.39_1,3.583,0.000,0.000,0.000,0.000,0.143,0.518,0.339,area_weighted,High (40-80%)
TUR.3_1,4.379,0.000,0.000,0.000,0.000,0.000,0.009,0.991,area_weighted,Extremely High (>80%)
TUR.40_1,2.165,0.000,0.000,0.480,0.000,0.002,0.077,0.440,area_weighted,Medium - High (20-40%)
TUR.41_1,4.350,0.000,0.000,0.000,0.000,0.000,0.006,0.994,area_weighted,Extremely High (>80%)
TUR.42_1,4.615,0.000,0.000,0.035,0.000,0.000,0.070,0.896,area_weighted,Extremely High (>80%)
TUR.43_1,1.590,0.000,0.000,0.000,1.000,0.000,0.000,0.000,area_weighted,Low - Medium (10-20%)
TUR.44_1,4.368,0.000,0.000,0.000,0.000,0.000,0.428,0.572,area_weighted,Extremely High (>80%)
TUR.45_1,1.950,0.000,0.000,0.004,0.346,0.641,0.008,0.000,area_weighted,Low - Medium (10-20%)
TUR.46_1,2.026,0.000,0.000,0.000,0.576,0.424,0.000,0.000,area_weighted,Medium - High (20-40%)
TUR.47_1,4.093,0.000,0.000,0.000,0.000,0.000,0.341,0.659,area_weighted,Extremely High (>80%)
TUR.48_1,4.818,0.000,0.000,0.039,0.000,0.000,0.000,0.961,area_weighted,Extremely High (>80%)
TUR.49_1,3.903,0.000,0.000,0.001,0.000,0.000,0.592,0.407,area_weighted,High (40-80%)
TUR.4_1,3.590,0.000,0.000,0.000,0.007,0.006,0.987,0.000,area_weighted,High (40-80%)
TUR.50_1,1.443,0.000,0.000,0.309,0.000,0.691,0.000,0.000,area_weighted,Low - Medium (10-20%)
TUR.51_1,3.972,0.000,0.000,0.000,0.000,0.000,0.427,0.573,area_weighted,High (40-80%)
TUR.52_1,1.555,0.000,0.000,0.586,0.000,0.000,0.414,0.000,area_weighted,Low - Medium (10-20%)
TUR.53_1,4.723,0.010,0.000,0.011,0.000,0.000,0.043,0.936,area_weighted,Extremely High (>80%)
TUR.54_1,4.018,0.000,0.000,0.000,0.000,0.000,0.483,0.517,area_weighted,Extremely High (>80%)
TUR.55_1,2.322,0.000,0.000,0.476,0.000,0.000,0.084,0.441,area_weighted,Medium - High (20-40%)
TUR.56_1,4.785,0.000,0.000,0.000,0.000,0.000,0.020,0.980,area_weighted,Extremely High (>80%)
TUR.57_1,3.559,0.000,0.000,0.196,0.000,0.000,0.264,0.540,area_weighted,High (40-80%)
TUR.58_1,3.582,0.000,0.000,0.000,0.000,0.000,0.948,0.052,area_weighted,High (40-80%)
TUR.59_1,3.420,0.000,0.000,0.000,0.000,0.000,0.776,0.224,area_weighted,High (40-80%)
TUR.5_1,4.840,0.025,0.000,0.000,0.000,0.000,0.123,0.852,area_weighted,Extremely High (>80%)
TUR.60_1,1.956,0.000,0.000,0.504,0.083,0.006,0.407,0.000,area_weighted,Low - Medium (10-20%)
TUR.61_1,3.999,0.000,0.000,0.000,0.000,0.000,0.599,0.401,area_weighted,High (40-80%)
TUR.62_1,4.731,0.000,0.000,0.000,0.000,0.000,0.012,0.988,area_weighted,Extremely High (>80%)
TUR.63_1,0.001,0.000,0.000,0.999,0.001,0.000,0.000,0.000,area_weighted,Low (<10%)
TUR.64_1,4.823,0.000,0.000,0.000,0.011,0.000,0.004,0.985,area_weighted,Extremely High (>80%)
TUR.65_1,0.000,0.000,0.000,1.000,0.000,0.000,0.000,0.000,area_weighted,Low (<10%)
TUR.66_1,1.032,0.000,0.000,0.840,0.145,0.000,0.015,0.000,area_weighted,Low - Medium (10-20%)
TUR.67_1,1.429,0.000,0.000,0.561,0.070,0.064,0.306,0.000,area_weighted,Low - Medium (10-20%)
TUR.68_1,2.955,0.000,0.000,0.387,0.000,0.000,0.007,0.606,area_weighted,Medium - High (20-40%)
TUR.69_1,1.884,0.000,0.000,0.020,0.918,0.061,0.000,0.000,area_weighted,Low - Medium (10-20%)
TUR.6_1,2.475,0.000,0.000,0.141,0.010,0.848,0.001,0.000,area_weighted,Medium - High (20-40%)
TUR.70_1,1.769,0.000,0.000,0.106,0.562,0.332,0.000,0.000,area_weighted,Low - Medium (10-20%)
TUR.71_1,1.185,0.000,0.000,0.379,0.555,0.015,0.047,0.004,area_weighted,Low - Medium (10-20%)
TUR.72_1,2.731,0.000,0.000,0.270,0.037,0.072,0.469,0.152,area_weighted,Medium - High (20-40%)
TUR.73_1,2.629,0.000,0.000,0.039,0.034,0.642,0.000,0.285,area_weighted,Medium - High (20-40%)
TUR.74_1,2.213,0.000,0.000,0.091,0.231,0.669,0.009,0.000,area_weighted,Medium - High (20-40%)
TUR.75_1,0.000,0.000,0.000,1.000,0.000,0.000,0.000,0.000,area_weighted,Low (<10%)
TUR.76_1,1.466,0.000,0.000,0.299,0.000,0.701,0.000,0.000,area_weighted,Low - Medium (10-20%)
TUR.77_1,4.390,0.000,0.000,0.000,0.000,0.000,0.000,1.000,area_weighted,Extremely High (>80%)
TUR.78_1,3.404,0.000,0.000,0.000,0.161,0.000,0.788,0.051,area_weighted,High (40-80%)
TUR.79_1,3.420,0.000,0.000,0.000,0.000,0.000,1.000,0.000,area_weighted,High (40-80%)
TUR.7_1,3.301,0.000,0.000,0.140,0.155,0.007,0.190,0.508,area_weighted,High (40-80%)
TUR.80_1,3.723,0.000,0.000,0.000,0.000,0.316,0.028,0.656,area_weighted,High (40-80%)
TUR.81_1,1.590,0.000,0.000,0.000,1.000,0.000,0.000,0.000,area_weighted,Low - Medium (10-20%)
TUR.8_1,3.173,0.000,0.000,0.027,0.000,0.065,0.904,0.004,area_weighted,High (40-80%)
TUR.9_1,1.617,0.000,0.000,0.051,0.921,0.028,0.000,0.000,area_weighted,Low - Medium (10-20%)
TZA.10_1,0.821,0.000,0.002,0.645,0.069,0.262,0.023,0.000,area_weighted,Low (<10%)
TZA.11_1,0.276,0.000,0.000,0.888,0.064,0.000,0.048,0.000,area_weighted,Low (<10%)
TZA.12_1,0.000,0.000,0.000,1.000,0.000,0.000,0.000,0.000,area_weighted,Low (<10%)
TZA.13_1,1.821,0.081,0.000,0.518,0.000,0.000,0.000,0.400,area_weighted,Low - Medium (10-20%)
TZA.14_1,0.200,0.000,0.000,0.953,0.047,0.000,0.000,0.000,area_weighted,Low (<10%)
TZA.15_1,0.105,0.000,0.000,0.914,0.086,0.000,0.000,0.000,area_weighted,Low (<10%)
TZA.16_1,0.000,0.000,0.000,1.000,0.000,0.000,0.000,0.000,area_weighted,Low (<10%)
TZA.17_1,0.952,0.000,0.000,0.772,0.000,0.000,0.000,0.228,area_weighted,Low (<10%)
TZA.18_1,1.455,0.000,0.000,0.000,1.000,0.000,0.000,0.000,area_weighted,Low - Medium (10-20%)
TZA.19_1,1.455,0.000,0.000,0.000,1.000,0.000,0.000,0.000,area_weighted,Low - Medium (10-20%)
TZA.1_1,0.442,0.000,0.000,0.804,0.129,0.000,0.067,0.000,area_weighted,Low (<10%)
TZA.20_1,0.054,0.000,0.000,0.993,0.000,0.007,0.000,0.000,area_weighted,Low (<10%)
TZA.21_1,0.276,0.000,0.000,0.896,0.000,0.104,0.000,0.000,area_weighted,Low (<10%)
TZA.22_1,0.000,0.000,0.000,1.000,0.000,0.000,0.000,0.000,area_weighted,Low (<10%)
TZA.23_1,0.000,0.000,0.000,1.000,0.000,0.000,0.000,0.000,area_weighted,Low (<10%)
TZA.24_1,0.000,0.000,0.000,1.000,0.000,0.000,0.000,0.000,area_weighted,Low (<10%)
TZA.25_1,0.000,0.039,0.000,0.961,0.000,0.000,0.000,0.000,area_weighted,Low (<10%)
TZA.26_1,0.000,0.024,0.000,0.976,0.000,0.000,0.000,0.000,area_weighted,Low (<10%)
TZA.27_1,0.171,0.000,0.000,0.949,0.000,0.044,0.007,0.000,area_weighted,Low (<10%)
TZA.28_1,1.455,0.000,0.000,0.000,1.000,0.000,0.000,0.000,area_weighted,Low - Medium (10-20%)
TZA.29_1,1.455,0.000,0.000,0.000,1.000,0.000,0.000,0.000,area_weighted,Low - Medium (10-20%)
TZA.2_1,0.054,0.000,0.000,1.000,0.000,0.000,0.000,0.000,area_weighted,Low (<10%)
TZA.30_1,1.455,0.000,0.000,0.000,1.000,0.000,0.000,0.000,area_weighted,Low - Medium (10-20%)
TZA.31_1,0.004,0.000,0.000,0.998,0.000,0.001,0.000,0.000,area_weighted,Low (<10%)
TZA.3_1,0.144,0.000,0.000,1.000,0.000,0.000,0.000,0.000,area_weighted,Low (<10%)
TZA.4_1,0.000,0.000,0.000,1.000,0.000,0.000,0.000,0.000,area_weighted,Low (<10%)
TZA.5_1,1.397,0.000,0.000,0.604,0.148,0.000,0.000,0.248,area_weighted,Low - Medium (10-20%)
TZA.6_1,0.000,0.000,0.000,1.000,0.000,0.000,0.000,0.000,area_weighted,Low (<10%)
TZA.7_1,0.000,0.000,0.001,0.999,0.000,0.000,0.000,0.000,area_weighted,Low (<10%)
TZA.8_1,0.000,0.000,0.000,1.000,0.000,0.000,0.000,0.000,area_weighted,Low (<10%)
TZA.9_1,1.517,0.000,0.000,0.480,0.233,0.000,0.287,0.000,area_weighted,Low - Medium (10-20%)
UGA.10_1,0.035,0.000,0.000,1.000,0.000,0.000,0.000,0.000,area_weighted,Low (<10%)
UGA.11_1,0.001,0.000,0.000,1.000,0.000,0.000,0.000,0.000,area_weighted,Low (<10%)
UGA.12_1,0.000,0.000,0.000,1.000,0.000,0.000,0.000,0.000,area_weighted,Low (<10%)
UGA.13_1,0.000,0.000,0.000,1.000,0.000,0.000,0.000,0.000,area_weighted,Low (<10%)
UGA.14_1,0.000,0.000,0.000,1.000,0.000,0.000,0.000,0.000,area_weighted,Low (<10%)
UGA.15_1,0.000,0.000,0.000,1.000,0.000,0.000,0.000,0.000,area_weighted,Low (<10%)
UGA.16_1,0.000,0.000,0.000,1.000,0.000,0.000,0.000,0.000,area_weighted,Low (<10%)
UGA.17_1,0.008,0.000,0.000,1.000,0.000,0.000,0.000,0.000,area_weighted,Low (<10%)
UGA.18_1,0.000,0.000,0.000,1.000,0.000,0.000,0.000,0.000,area_weighted,Low (<10%)
UGA.19_1,0.000,0.000,0.000,1.000,0.000,0.000,0.000,0.000,area_weighted,Low (<10%)
UGA.1_1,0.000,0.000,0.000,1.000,0.000,0.000,0.000,0.000,area_weighted,Low (<10%)
UGA.20_1,0.000,0.000,0.000,1.000,0.000,0.000,0.000,0.000,area_weighted,Low (<10%)
UGA.21_1,0.000,0.000,0.000,1.000,0.000,0.000,0.000,0.000,area_weighted,Low (<10%)
UGA.22_1,0.000,0.219,0.000,0.781,0.000,0.000,0.000,0.000,area_weighted,Low (<10%)
UGA.23_1,0.000,0.000,0.000,1.000,0.000,0.000,0.000,0.000,area_weighted,Low (<10%)
UGA.24_1,0.000,0.000,0.000,1.000,0.000,0.000,0.000,0.000,area_weighted,Low (<10%)
UGA.25_1,0.000,0.000,0.000,1.000,0.000,0.000,0.000,0.000,area_weighted,Low (<10%)
UGA.26_1,0.000,0.000,0.000,1.000,0.000,0.000,0.000,0.000,area_weighted,Low (<10%)
UGA.27_1,0.000,0.218,0.000,0.782,0.000,0.000,0.000,0.000,area_weighted,Low (<10%)
UGA.28_1,0.071,0.413,0.000,0.565,0.022,0.000,0.000,0.000,area_weighted,Low (<10%)
UGA.29_1,0.000,0.000,0.000,1.000,0.000,0.000,0.000,0.000,area_weighted,Low (<10%)
UGA.2_1,0.000,0.270,0.000,0.730,0.000,0.000,0.000,0.000,area_weighted,Low (<10%)
UGA.30_1,0.000,0.000,0.000,1.000,0.000,0.000,0.000,0.000,area_weighted,Low (<10%)
UGA.31_1,0.000,0.000,0.000,1.000,0.000,0.000,0.000,0.000,area_weighted,Low (<10%)
UGA.32_1,0.000,0.000,0.000,1.000,0.000,0.000,0.000,0.000,area_weighted,Low (<10%)
UGA.33_1,0.000,0.456,0.000,0.544,0.000,0.000,0.000,0.000,area_weighted,Low (<10%)
UGA.34_1,0.000,0.000,0.000,1.000,0.000,0.000,0.000,0.000,area_weighted,Low (<10%)
UGA.35_1,0.000,0.000,0.000,1.000,0.000,0.000,0.000,0.000,area_weighted,Low (<10%)
UGA.36_1,0.000,0.000,0.000,1.000,0.000,0.000,0.000,0.000,area_weighted,Low (<10%)
UGA.37_1,0.007,0.000,0.000,1.000,0.000,0.000,0.000,0.000,area_weighted,Low (<10%)
UGA.38_1,0.036,0.000,0.000,1.000,0.000,0.000,0.000,0.000,area_weighted,Low (<10%)
UGA.39_1,0.000,0.000,0.000,1.000,0.000,0.000,0.000,0.000,area_weighted,Low (<10%)
UGA.3_1,0.000,0.074,0.000,0.926,0.000,0.000,0.000,0.000,area_weighted,Low (<10%)
UGA.40_1,0.000,0.033,0.000,0.967,0.000,0.000,0.000,0.000,area_weighted,Low (<10%)
UGA.41_1,0.000,0.000,0.000,1.000,0.000,0.000,0.000,0.000,area_weighted,Low (<10%)
UGA.42_1,0.000,0.000,0.000,1.000,0.000,0.000,0.000,0.000,area_weighted,Low (<10%)
UGA.43_1,0.000,0.000,0.000,1.000,0.000,0.000,0.000,0.000,area_weighted,Low (<10%)
UGA.44_1,0.000,0.000,0.000,1.000,0.000,0.000,0.000,0.000,area_weighted,Low (<10%)
UGA.45_1,0.000,0.000,0.000,1.000,0.000,0.000,0.000,0.000,area_weighted,Low (<10%)
UGA.46_1,0.000,0.000,0.000,1.000,0.000,0.000,0.000,0.000,area_weighted,Low (<10%)
UGA.47_1,0.000,0.000,0.000,1.000,0.000,0.000,0.000,0.000,area_weighted,Low (<10%)
UGA.48_1,0.000,0.000,0.000,1.000,0.000,0.000,0.000,0.000,area_weighted,Low (<10%)
UGA.49_1,0.000,0.783,0.000,0.217,0.000,0.000,0.000,0.000,area_weighted,Arid and Low Water Use
UGA.4_1,0.024,0.000,0.000,1.000,0.000,0.000,0.000,0.000,area_weighted,Low (<10%)
UGA.50_1,0.022,0.000,0.000,1.000,0.000,0.000,0.000,0.000,area_weighted,Low (<10%)
UGA.51_1,0.000,0.000,0.000,1.000,0.000,0.000,0.000,0.000,area_weighted,Low (<10%)
UGA.52_1,0.000,0.000,0.000,1.000,0.000,0.000,0.000,0.000,area_weighted,Low (<10%)
UGA.53_1,0.000,0.000,0.000,1.000,0.000,0.000,0.000,0.000,area_weighted,Low (<10%)
UGA.54_1,0.002,0.000,0.000,1.000,0.000,0.000,0.000,0.000,area_weighted,Low (<10%)
UGA.55_1,0.000,0.000,0.000,1.000,0.000,0.000,0.000,0.000,area_weighted,Low (<10%)
UGA.56_1,0.036,0.000,0.000,1.000,0.000,0.000,0.000,0.000,area_weighted,Low (<10%)
UGA.57_1,0.000,0.000,0.000,1.000,0.000,0.000,0.000,0.000,area_weighted,Low (<10%)
UGA.58_1,0.000,0.241,0.000,0.759,0.000,0.000,0.000,0.000,area_weighted,Low (<10%)
UGA.5_1,0.000,0.000,0.000,1.000,0.000,0.000,0.000,0.000,area_weighted,Low (<10%)
UGA.6_1,0.000,0.000,0.000,1.000,0.000,0.000,0.000,0.000,area_weighted,Low (<10%)
UGA.7_1,0.024,0.000,0.000,1.000,0.000,0.000,0.000,0.000,area_weighted,Low (<10%)
UGA.8_1,0.000,0.215,0.000,0.785,0.000,0.000,0.000,0.000,area_weighted,Low (<10%)
UGA.9_1,0.000,0.000,0.000,1.000,0.000,0.000,0.000,0.000,area_weighted,Low (<10%)
UMI.9_1,,1.000,0.000,0.000,0.000,0.000,0.000,0.000,area_weighted,Arid and Low Water Use
URY.10_2,2.406,0.000,0.000,0.227,0.000,0.773,0.000,0.000,area_weighted,Medium - High (20-40%)
URY.11_2,0.001,0.000,0.000,0.999,0.001,0.000,0.000,0.000,area_weighted,Low (<10%)
URY.12_2,0.000,0.000,0.000,1.000,0.000,0.000,0.000,0.000,area_weighted,Low (<10%)
URY.13_2,0.945,0.000,0.000,0.787,0.212,0.001,0.000,0.000,area_weighted,Low (<10%)
URY.14_2,2.911,0.000,0.000,0.107,0.000,0.284,0.609,0.000,area_weighted,Medium - High (20-40%)
URY.15_2,1.234,0.000,0.000,0.274,0.726,0.000,0.000,0.000,area_weighted,Low - Medium (10-20%)
URY.16_2,0.846,0.000,0.000,1.000,0.000,0.000,0.000,0.000,area_weighted,Low (<10%)
URY.17_2,0.000,0.000,0.000,1.000,0.000,0.000,0.000,0.000,area_weighted,Low (<10%)
URY.18_2,0.566,0.000,0.000,0.925,0.075,0.000,0.000,0.000,area_weighted,Low (<10%)
URY.19_2,1.697,0.000,0.000,0.509,0.002,0.000,0.489,0.000,area_weighted,Low - Medium (10-20%)
URY.1_2,2.212,0.000,0.000,0.198,0.139,0.663,0.000,0.000,area_weighted,Medium - High (20-40%)
URY.2_2,1.865,0.000,0.000,0.503,0.000,0.497,0.000,0.000,area_weighted,Low - Medium (10-20%)
URY.3_2,1.001,0.000,0.000,0.343,0.520,0.137,0.000,0.000,area_weighted,Low - Medium (10-20%)
URY.4_2,0.023,0.000,0.000,1.000,0.000,0.000,0.000,0.000,area_weighted,Low (<10%)
URY.5_2,0.114,0.000,0.000,0.914,0.086,0.000,0.000,0.000,area_weighted,Low (<10%)
URY.6_2,0.150,0.000,0.001,0.999,0.000,0.000,0.000,0.000,area_weighted,Low (<10%)
URY.7_2,0.406,0.000,0.000,0.999,0.000,0.000,0.001,0.000,area_weighted,Low (<10%)
URY.8_2,0.772,0.000,0.000,0.861,0.000,0.070,0.069,0.000,area_weighted,Low (<10%)
URY.9_2,2.270,0.000,0.000,0.223,0.000,0.777,0.000,0.000,area_weighted,Medium - High (20-40%)
UZB.10_1,4.967,0.000,0.000,0.000,0.000,0.000,0.000,1.000,area_weighted,Extremely High (>80%)
UZB.11_1,3.409,0.000,0.000,0.243,0.000,0.155,0.000,0.602,area_weighted,High (40-80%)
UZB.12_1,3.797,0.000,0.000,0.240,0.000,0.000,0.000,0.760,area_weighted,High (40-80%)
UZB.13_1,1.404,0.000,0.000,0.478,0.000,0.522,0.000,0.000,area_weighted,Low - Medium (10-20%)
UZB.14_1,3.323,0.000,0.000,0.064,0.000,0.557,0.002,0.376,area_weighted,High (40-80%)
UZB.1_1,3.507,0.000,0.000,0.000,0.008,0.695,0.000,0.297,area_weighted,High (40-80%)
UZB.2_1,4.437,0.044,0.000,0.080,0.000,0.018,0.051,0.807,area_weighted,Extremely High (>80%)
UZB.3_1,3.698,0.000,0.000,0.117,0.000,0.295,0.000,0.588,area_weighted,High (40-80%)
UZB.4_1,3.312,0.000,0.000,0.328,0.000,0.000,0.000,0.672,area_weighted,High (40-80%)
UZB.5_1,2.677,0.467,0.000,0.052,0.000,0.468,0.012,0.000,area_weighted,Medium - High (20-40%)
UZB.6_1,4.135,0.000,0.000,0.000,0.251,0.000,0.042,0.708,area_weighted,Extremely High (>80%)
UZB.7_1,2.453,0.000,0.000,0.170,0.000,0.830,0.000,0.000,area_weighted,Medium - High (20-40%)
UZB.8_1,1.956,0.000,0.000,0.141,0.575,0.103,0.000,0.181,area_weighted,Low - Medium (10-20%)
UZB.9_1,3.856,0.737,0.000,0.053,0.000,0.016,0.000,0.194,area_weighted,Arid and Low Water Use
VCT.1_1,1.076,0.000,0.000,0.000,1.000,0.000,0.000,0.000,area_weighted,Low - Medium (10-20%)
VCT.2_1,1.076,0.000,0.000,0.000,1.000,0.000,0.000,0.000,area_weighted,Low - Medium (10-20%)
VCT.3_1,1.076,0.000,0.000,0.000,1.000,0.000,0.000,0.000,area_weighted,Low - Medium (10-20%)
VCT.4_1,1.076,0.000,0.000,0.000,1.000,0.000,0.000,0.000,area_weighted,Low - Medium (10-20%)
VCT.5_1,1.076,0.000,0.000,0.000,1.000,0.000,0.000,0.000,area_weighted,Low - Medium (10-20%)
VCT.6_1,1.076,0.000,0.000,0.000,1.000,0.000,0.000,0.000,area_weighted,Low - Medium (10-20%)
VEN.10_1,1.075,0.000,0.000,0.000,1.000,0.000,0.000,0.000,area_weighted,Low - Medium (10-20%)
VEN.11_1,2.351,0.000,0.000,0.000,0.000,1.000,0.000,0.000,area_weighted,Medium - High (20-40%)
VEN.12_1,1.426,0.000,0.000,0.376,0.300,0.137,0.187,0.000,area_weighted,Low - Medium (10-20%)
VEN.13_1,1.048,0.000,0.000,0.577,0.198,0.002,0.223,0.000,area_weighted,Low - Medium (10-20%)
VEN.14_1,1.857,0.000,0.000,0.203,0.038,0.760,0.000,0.000,area_weighted,Low - Medium (10-20%)
VEN.15_1,0.014,0.000,0.000,1.000,0.000,0.000,0.000,0.000,area_weighted,Low (<10%)
VEN.16_1,2.349,0.000,0.000,0.001,0.000,0.999,0.000,0.000,area_weighted,Medium - High (20-40%)
VEN.17_1,0.455,0.000,0.000,0.782,0.000,0.217,0.000,0.001,area_weighted,Low (<10%)
VEN.18_1,1.076,0.000,0.000,0.000,1.000,0.000,0.000,0.000,area_weighted,Low - Medium (10-20%)
VEN.19_1,0.028,0.000,0.000,0.999,0.000,0.001,0.000,0.000,area_weighted,Low (<10%)
VEN.1_1,0.000,0.000,0.000,1.000,0.000,0.000,0.000,0.000,area_weighted,Low (<10%)
VEN.20_1,0.665,0.000,0.000,0.881,0.000,0.013,0.000,0.106,area_weighted,Low (<10%)
VEN.21_1,0.000,0.000,0.000,1.000,0.000,0.000,0.000,0.000,area_weighted,Low (<10%)
VEN.22_1,0.556,0.000,0.000,0.852,0.069,0.079,0.000,0.000,area_weighted,Low (<10%)
VEN.23_1,2.352,0.000,0.000,0.000,0.000,0.999,0.000,0.001,area_weighted,Medium - High (20-40%)
VEN.24_1,1.765,0.000,0.000,0.275,0.000,0.725,0.000,0.000,area_weighted,Low - Medium (10-20%)
VEN.25_1,1.124,0.000,0.000,0.450,0.396,0.019,0.135,0.000,area_weighted,Low - Medium (10-20%)
VEN.2_1,0.208,0.000,0.000,0.899,0.012,0.089,0.000,0.000,area_weighted,Low (<10%)
VEN.3_1,0.005,0.000,0.000,0.996,0.004,0.000,0.000,0.000,area_weighted,Low (<10%)
VEN.4_1,3.192,0.000,0.000,0.000,0.000,0.236,0.606,0.158,area_weighted,High (40-80%)
VEN.5_1,0.000,0.000,0.000,1.000,0.000,0.000,0.000,0.000,area_weighted,Low (<10%)
VEN.6_1,0.000,0.000,0.000,1.000,0.000,0.000,0.000,0.000,area_weighted,Low (<10%)
VEN.7_1,2.488,0.000,0.000,0.294,0.000,0.263,0.043,0.401,area_weighted,Medium - High (20-40%)
VEN.8_1,0.113,0.000,0.000,1.000,0.000,0.000,0.000,0.000,area_weighted,Low (<10%)
VEN.9_1,0.000,0.000,0.001,0.999,0.000,0.000,0.000,0.000,area_weighted,Low (<10%)
VGB.1_1,0.533,0.000,0.000,1.000,0.000,0.000,0.000,0.000,area_weighted,Low (<10%)
VGB.2_1,0.533,0.000,0.000,1.000,0.000,0.000,0.000,0.000,area_weighted,Low (<10%)
VGB.3_1,0.533,0.000,0.000,1.000,0.000,0.000,0.000,0.000,area_weighted,Low (<10%)
VGB.4_1,0.533,0.000,0.000,1.000,0.000,0.000,0.000,0.000,area_weighted,Low (<10%)
VGB.5_1,0.533,0.000,0.000,1.000,0.000,0.000,0.000,0.000,area_weighted,Low (<10%)
VIR.1_1,0.533,0.000,0.000,1.000,0.000,0.000,0.000,0.000,area_weighted,Low (<10%)
VIR.2_1,0.533,0.000,0.000,1.000,0.000,0.000,0.000,0.000,area_weighted,Low (<10%)
VIR.3_1,0.533,0.000,0.000,1.000,0.000,0.000,0.000,0.000,area_weighted,Low (<10%)
VNM.10_1,1.595,0.000,0.000,0.059,0.941,0.000,0.000,0.000,area_weighted,Low - Medium (10-20%)
VNM.11_1,1.206,0.000,0.000,0.000,1.000,0.000,0.000,0.000,area_weighted,Low - Medium (10-20%)
VNM.12_1,1.864,0.000,0.000,0.000,1.000,0.000,0.000,0.000,area_weighted,Low - Medium (10-20%)
VNM.13_1,1.864,0.000,0.000,0.000,1.000,0.000,0.000,0.000,area_weighted,Low - Medium (10-20%)
VNM.14_1,0.795,0.000,0.000,0.299,0.701,0.000,0.000,0.000,area_weighted,Low (<10%)
VNM.15_1,0.289,0.000,0.000,0.802,0.198,0.000,0.000,0.000,area_weighted,Low (<10%)
VNM.16_1,0.762,0.000,0.000,0.551,0.449,0.000,0.000,0.000,area_weighted,Low (<10%)
VNM.17_1,1.541,0.000,0.000,0.000,1.000,0.000,0.000,0.000,area_weighted,Low - Medium (10-20%)
VNM.18_1,2.568,0.000,0.000,0.000,0.728,0.000,0.000,0.272,area_weighted,Medium - High (20-40%)
VNM.19_1,1.894,0.000,0.000,0.003,0.997,0.000,0.000,0.000,area_weighted,Low - Medium (10-20%)
VNM.1_1,1.864,0.000,0.000,0.000,1.000,0.000,0.000,0.000,area_weighted,Low - Medium (10-20%)
VNM.20_1,0.615,0.000,0.000,0.769,0.000,0.231,0.000,0.000,area_weighted,Low (<10%)
VNM.21_1,0.668,0.000,0.000,0.406,0.552,0.042,0.000,0.000,area_weighted,Low (<10%)
VNM.22_1,2.010,0.000,0.000,0.000,0.676,0.324,0.000,0.000,area_weighted,Medium - High (20-40%)
VNM.23_1,1.893,0.000,0.000,0.000,0.881,0.119,0.000,0.000,area_weighted,Low - Medium (10-20%)
VNM.24_1,1.864,0.000,0.000,0.000,1.000,0.000,0.000,0.000,area_weighted,Low - Medium (10-20%)
VNM.25_1,1.606,0.000,0.000,0.000,0.975,0.000,0.000,0.025,area_weighted,Low - Medium (10-20%)
VNM.26_1,0.028,0.000,0.000,1.000,0.000,0.000,0.000,0.000,area_weighted,Low (<10%)
VNM.27_1,1.569,0.000,0.000,0.054,0.790,0.156,0.000,0.000,area_weighted,Low - Medium (10-20%)
VNM.28_1,1.431,0.000,0.000,0.000,1.000,0.000,0.000,0.000,area_weighted,Low - Medium (10-20%)
VNM.29_1,2.257,0.000,0.000,0.004,0.076,0.921,0.000,0.000,area_weighted,Medium - High (20-40%)
VNM.2_1,1.864,0.000,0.000,0.000,1.000,0.000,0.000,0.000,area_weighted,Low - Medium (10-20%)
VNM.30_1,1.302,0.000,0.000,0.333,0.335,0.332,0.000,0.000,area_weighted,Low - Medium (10-20%)
VNM.31_1,1.431,0.000,0.000,0.000,1.000,0.000,0.000,0.000,area_weighted,Low - Medium (10-20%)
VNM.32_1,1.053,0.000,0.000,0.001,0.999,0.000,0.000,0.000,area_weighted,Low - Medium (10-20%)
VNM.33_1,1.688,0.000,0.000,0.094,0.906,0.000,0.000,0.000,area_weighted,Low - Medium (10-20%)
VNM.34_1,0.121,0.000,0.000,0.999,0.000,0.001,0.000,0.000,area_weighted,Low (<10%)
VNM.35_1,1.686,0.000,0.000,0.000,0.686,0.314,0.000,0.000,area_weighted,Low - Medium (10-20%)
VNM.36_1,0.328,0.000,0.000,0.768,0.232,0.000,0.000,0.000,area_weighted,Low (<10%)
VNM.37_1,1.397,0.000,0.000,0.146,0.854,0.000,0.000,0.000,area_weighted,Low - Medium (10-20%)
VNM.38_1,0.129,0.000,0.000,0.999,0.001,0.000,0.000,0.000,area_weighted,Low (<10%)
VNM.39_1,4.243,0.000,0.008,0.000,0.077,0.000,0.000,0.914,area_weighted,Extremely High (>80%)
VNM.3_1,2.803,0.000,0.000,0.000,0.003,0.997,0.000,0.000,area_weighted,Medium - High (20-40%)
VNM.40_1,1.431,0.000,0.000,0.000,1.000,0.000,0.000,0.000,area_weighted,Low - Medium (10-20%)
VNM.41_1,2.728,0.000,0.000,0.000,0.000,0.887,0.000,0.113,area_weighted,Medium - High (20-40%)
VNM.42_1,1.476,0.000,0.000,0.000,0.957,0.043,0.000,0.000,area_weighted,Low - Medium (10-20%)
VNM.43_1,1.055,0.000,0.000,0.000,1.000,0.000,0.000,0.000,area_weighted,Low - Medium (10-20%)
VNM.44_1,0.011,0.000,0.000,0.999,0.001,0.000,0.000,0.000,area_weighted,Low (<10%)
VNM.45_1,1.686,0.000,0.000,0.000,0.552,0.448,0.000,0.000,area_weighted,Low - Medium (10-20%)
VNM.46_1,1.661,0.000,0.000,0.002,0.943,0.054,0.000,0.000,area_weighted,Low - Medium (10-20%)
VNM.47_1,1.160,0.000,0.000,0.851,0.013,0.000,0.136,0.000,area_weighted,Low - Medium (10-20%)
VNM.48_1,1.755,0.000,0.000,0.480,0.000,0.331,0.189,0.000,area_weighted,Low - Medium (10-20%)
VNM.49_1,1.890,0.000,0.000,0.000,0.998,0.002,0.000,0.000,area_weighted,Low - Medium (10-20%)
VNM.4_1,1.187,0.000,0.000,0.364,0.371,0.266,0.000,0.000,area_weighted,Low - Medium (10-20%)
VNM.50_1,1.884,0.000,0.000,0.000,1.000,0.000,0.000,0.000,area_weighted,Low - Medium (10-20%)
VNM.51_1,1.864,0.000,0.000,0.000,1.000,0.000,0.000,0.000,area_weighted,Low - Medium (10-20%)
VNM.52_1,0.862,0.000,0.000,0.652,0.000,0.348,0.000,0.000,area_weighted,Low (<10%)
VNM.53_1,3.548,0.000,0.000,0.000,0.328,0.000,0.000,0.672,area_weighted,High (40-80%)
VNM.54_1,1.717,0.000,0.000,0.096,0.904,0.000,0.000,0.000,area_weighted,Low - Medium (10-20%)
VNM.55_1,1.431,0.000,0.000,0.000,1.000,0.000,0.000,0.000,area_weighted,Low - Medium (10-20%)
VNM.56_1,2.801,0.000,0.000,0.000,0.003,0.997,0.000,0.000,area_weighted,Medium - High (20-40%)
VNM.57_1,2.756,0.000,0.000,0.012,0.050,0.758,0.000,0.181,area_weighted,Medium - High (20-40%)
VNM.58_1,3.047,0.000,0.001,0.000,0.542,0.000,0.000,0.457,area_weighted,High (40-80%)
VNM.59_1,1.864,0.000,0.000,0.000,1.000,0.000,0.000,0.000,area_weighted,Low - Medium (10-20%)
VNM.5_1,2.713,0.000,0.000,0.000,0.067,0.933,0.000,0.000,area_weighted,Medium - High (20-40%)
VNM.60_1,0.200,0.000,0.000,0.864,0.134,0.001,0.000,0.000,area_weighted,Low (<10%)
VNM.61_1,1.864,0.000,0.000,0.000,1.000,0.000,0.000,0.000,area_weighted,Low - Medium (10-20%)
VNM.62_1,1.549,0.000,0.000,0.161,0.585,0.254,0.000,0.000,area_weighted,Low - Medium (10-20%)
VNM.63_1,0.052,0.000,0.000,1.000,0.000,0.000,0.000,0.000,area_weighted,Low (<10%)
VNM.6_1,1.864,0.000,0.000,0.000,1.000,0.000,0.000,0.000,area_weighted,Low - Medium (10-20%)
VNM.7_1,1.054,0.000,0.000,0.000,1.000,0.000,0.000,0.000,area_weighted,Low - Medium (10-20%)
VNM.8_1,2.490,0.000,0.000,0.000,0.005,0.995,0.000,0.000,area_weighted,Medium - High (20-40%)
VNM.9_1,1.696,0.000,0.000,0.000,1.000,0.000,0.000,0.000,area_weighted,Low - Medium (10-20%)
VUT.1_1,0.000,0.000,0.000,1.000,0.000,0.000,0.000,0.000,area_weighted,Low (<10%)
VUT.2_1,0.000,0.000,0.000,1.000,0.000,0.000,0.000,0.000,area_weighted,Low (<10%)
VUT.3_1,0.000,0.000,0.000,1.000,0.000,0.000,0.000,0.000,area_weighted,Low (<10%)
VUT.4_1,0.000,0.000,0.000,1.000,0.000,0.000,0.000,0.000,area_weighted,Low (<10%)
VUT.5_1,0.000,0.000,0.000,1.000,0.000,0.000,0.000,0.000,area_weighted,Low (<10%)
VUT.6_1,0.000,0.000,0.000,1.000,0.000,0.000,0.000,0.000,area_weighted,Low (<10%)
YEM.10_1,5.000,0.000,0.000,0.000,0.000,0.000,0.000,1.000,area_weighted,Extremely High (>80%)
YEM.11_1,4.591,0.000,0.000,0.000,0.000,0.000,0.000,1.000,area_weighted,Extremely High (>80%)
YEM.12_1,5.000,0.938,0.000,0.000,0.000,0.000,0.000,0.062,area_weighted,Arid and Low Water Use
YEM.13_1,4.992,0.000,0.000,0.000,0.000,0.000,0.000,1.000,area_weighted,Extremely High (>80%)
YEM.14_1,4.346,0.000,0.000,0.000,0.000,0.000,0.000,1.000,area_weighted,Extremely High (>80%)
YEM.15_1,4.207,0.000,0.000,0.000,0.000,0.000,0.152,0.848,area_weighted,Extremely High (>80%)
YEM.16_1,5.000,0.032,0.000,0.000,0.000,0.000,0.000,0.968,area_weighted,Extremely High (>80%)
YEM.17_1,4.306,0.000,0.000,0.000,0.000,0.000,0.000,1.000,area_weighted,Extremely High (>80%)
YEM.18_1,5.000,0.010,0.000,0.000,0.000,0.000,0.000,0.990,area_weighted,Extremely High (>80%)
YEM.19_1,4.818,0.000,0.000,0.000,0.000,0.000,0.000,1.000,area_weighted,Extremely High (>80%)
YEM.1_1,4.306,0.000,0.000,0.000,0.000,0.000,0.000,1.000,area_weighted,Extremely High (>80%)
YEM.20_1,5.000,0.985,0.000,0.000,0.000,0.000,0.000,0.015,area_weighted,Arid and Low Water Use
YEM.21_1,4.269,0.000,0.000,0.000,0.000,0.000,0.000,1.000,area_weighted,Extremely High (>80%)
YEM.2_1,3.650,0.571,0.000,0.000,0.000,0.000,0.391,0.038,area_weighted,Arid and Low Water Use
YEM.3_1,4.825,0.455,0.000,0.000,0.000,0.000,0.033,0.513,area_weighted,Extremely High (>80%)
YEM.4_1,4.399,0.000,0.000,0.000,0.000,0.000,0.039,0.961,area_weighted,Extremely High (>80%)
YEM.5_1,4.346,0.000,0.000,0.000,0.000,0.000,0.000,1.000,area_weighted,Extremely High (>80%)
YEM.6_1,5.000,0.637,0.000,0.000,0.000,0.000,0.000,0.363,area_weighted,Arid and Low Water Use
YEM.7_1,,0.999,0.001,0.000,0.000,0.000,0.000,0.000,area_weighted,Arid and Low Water Use
YEM.8_1,4.476,0.000,0.000,0.000,0.000,0.000,0.000,1.000,area_weighted,Extremely High (>80%)
YEM.9_1,5.000,0.000,0.000,0.000,0.000,0.000,0.000,1.000,area_weighted,Extremely High (>80%)
ZAF.1_1,2.083,0.144,0.000,0.382,0.186,0.000,0.032,0.255,area_weighted,Medium - High (20-40%)
ZAF.2_1,3.688,0.605,0.000,0.054,0.019,0.000,0.130,0.192,area_weighted,Arid and Low Water Use
ZAF.3_1,4.634,0.000,0.000,0.000,0.000,0.000,0.007,0.993,area_weighted,Extremely High (>80%)
ZAF.4_1,1.404,0.000,0.000,0.116,0.836,0.048,0.000,0.000,area_weighted,Low - Medium (10-20%)
ZAF.5_1,3.429,0.257,0.000,0.095,0.004,0.104,0.263,0.278,area_weighted,High (40-80%)
ZAF.6_1,2.699,0.000,0.000,0.261,0.022,0.000,0.518,0.198,area_weighted,Medium - High (20-40%)
ZAF.7_1,4.480,0.611,0.000,0.012,0.010,0.000,0.084,0.282,area_weighted,Arid and Low Water Use
ZAF.8_1,4.069,0.782,0.000,0.011,0.026,0.004,0.041,0.135,area_weighted,Arid and Low Water Use
ZAF.9_1,4.764,0.486,0.000,0.005,0.000,0.019,0.014,0.475,area_weighted,Extremely High (>80%)
ZMB.10_1,1.080,0.068,0.000,0.696,0.004,0.019,0.015,0.198,area_weighted,Low - Medium (10-20%)
ZMB.1_1,0.522,0.000,0.000,0.808,0.069,0.081,0.042,0.000,area_weighted,Low (<10%)
ZMB.2_1,0.468,0.000,0.000,1.000,0.000,0.000,0.000,0.000,area_weighted,Low (<10%)
ZMB.3_1,1.122,0.000,0.000,0.385,0.383,0.231,0.000,0.000,area_weighted,Low - Medium (10-20%)
ZMB.4_1,0.000,0.000,0.000,1.000,0.000,0.000,0.000,0.000,area_weighted,Low (<10%)
ZMB.5_1,0.213,0.000,0.000,0.997,0.000,0.003,0.000,0.000,area_weighted,Low (<10%)
ZMB.6_1,0.517,0.000,0.000,0.853,0.030,0.067,0.000,0.050,area_weighted,Low (<10%)
ZMB.7_1,0.370,0.000,0.000,0.916,0.000,0.009,0.010,0.065,area_weighted,Low (<10%)
ZMB.8_1,0.000,0.000,0.000,1.000,0.000,0.000,0.000,0.000,area_weighted,Low (<10%)
ZMB.9_1,0.041,0.000,0.000,1.000,0.000,0.000,0.000,0.000,area_weighted,Low (<10%)
ZWE.10_1,1.096,0.070,0.000,0.621,0.038,0.125,0.000,0.146,area_weighted,Low - Medium (10-20%)
ZWE.1_1,,1.000,0.000,0.000,0.000,0.000,0.000,0.000,area_weighted,Arid and Low Water Use
ZWE.2_1,2.642,0.000,0.000,0.163,0.000,0.000,0.837,0.000,area_weighted,Medium - High (20-40%)
ZWE.3_1,0.951,0.000,0.000,0.382,0.618,0.000,0.000,0.000,area_weighted,Low (<10%)
ZWE.4_1,1.467,0.000,0.000,0.543,0.237,0.000,0.220,0.000,area_weighted,Low - Medium (10-20%)
ZWE.5_1,1.044,0.080,0.000,0.533,0.327,0.018,0.041,0.000,area_weighted,Low - Medium (10-20%)
ZWE.6_1,1.159,0.215,0.000,0.488,0.033,0.000,0.264,0.000,area_weighted,Low - Medium (10-20%)
ZWE.7_1,1.413,0.259,0.000,0.198,0.377,0.166,0.000,0.000,area_weighted,Low - Medium (10-20%)
ZWE.8_1,0.486,0.509,0.000,0.436,0.000,0.000,0.000,0.055,area_weighted,Arid and Low Water Use
ZWE.9_1,1.429,0.857,0.000,0.096,0.000,0.000,0.028,0.019,area_weighted,Arid and Low Water Use
ASM.1_1,0.000,,,,,,,,nearest_basin,Low (<10%)
ASM.2_1,0.000,,,,,,,,nearest_basin,Low (<10%)
ASM.3_1,0.000,,,,,,,,nearest_basin,Low (<10%)
ASM.4_1,0.000,,,,,,,,nearest_basin,Low (<10%)
ATF.1_1,0.000,,,,,,,,nearest_basin,Low (<10%)
ATF.3_1,0.000,,,,,,,,nearest_basin,Low (<10%)
ATF.4_1,0.000,,,,,,,,nearest_basin,Low (<10%)
COK.1_1,0.000,,,,,,,,nearest_basin,Low (<10%)
COK.2_1,0.000,,,,,,,,nearest_basin,Low (<10%)
COK.3_1,0.000,,,,,,,,nearest_basin,Low (<10%)
COK.4_1,0.000,,,,,,,,nearest_basin,Low (<10%)
COK.5_1,0.000,,,,,,,,nearest_basin,Low (<10%)
COK.6_1,0.000,,,,,,,,nearest_basin,Low (<10%)
COK.7_1,0.000,,,,,,,,nearest_basin,Low (<10%)
COK.8_1,0.000,,,,,,,,nearest_basin,Low (<10%)
COK.9_1,0.000,,,,,,,,nearest_basin,Low (<10%)
COK.10_1,0.000,,,,,,,,nearest_basin,Low (<10%)
COK.11_1,0.000,,,,,,,,nearest_basin,Low (<10%)
CPV.1_1,5.000,,,,,,,,nearest_basin,Extremely High (>80%)
CPV.2_1,5.000,,,,,,,,nearest_basin,Extremely High (>80%)
CPV.3_1,5.000,,,,,,,,nearest_basin,Extremely High (>80%)
CPV.4_1,5.000,,,,,,,,nearest_basin,Extremely High (>80%)
CPV.5_1,5.000,,,,,,,,nearest_basin,Extremely High (>80%)
CPV.6_1,5.000,,,,,,,,nearest_basin,Extremely High (>80%)
CPV.7_1,5.000,,,,,,,,nearest_basin,Extremely High (>80%)
CPV.8_1,5.000,,,,,,,,nearest_basin,Extremely High (>80%)
CPV.9_1,5.000,,,,,,,,nearest_basin,Extremely High (>80%)
CPV.10_1,5.000,,,,,,,,nearest_basin,Extremely High (>80%)
CPV.11_1,5.000,,,,,,,,nearest_basin,Extremely High (>80%)
CPV.12_1,5.000,,,,,,,,nearest_basin,Extremely High (>80%)
CPV.13_1,5.000,,,,,,,,nearest_basin,Extremely High (>80%)
CPV.14_1,5.000,,,,,,,,nearest_basin,Extremely High (>80%)
CPV.15_1,5.000,,,,,,,,nearest_basin,Extremely High (>80%)
CPV.16_1,5.000,,,,,,,,nearest_basin,Extremely High (>80%)
CPV.17_1,5.000,,,,,,,,nearest_basin,Extremely High (>80%)
CPV.18_1,5.000,,,,,,,,nearest_basin,Extremely High (>80%)
CPV.19_1,5.000,,,,,,,,nearest_basin,Extremely High (>80%)
CPV.20_1,5.000,,,,,,,,nearest_basin,Extremely High (>80%)
CPV.21_1,5.000,,,,,,,,nearest_basin,Extremely High (>80%)
CPV.22_1,5.000,,,,,,,,nearest_basin,Extremely High (>80%)
CYM.8_1,1.601,,,,,,,,nearest_basin,Low - Medium (10-20%)
FJI.4_1,0.000,,,,,,,,nearest_basin,Low (<10%)
FSM.1_1,0.000,,,,,,,,nearest_basin,Low (<10%)
FSM.2_1,0.000,,,,,,,,nearest_basin,Low (<10%)
FSM.3_1,0.000,,,,,,,,nearest_basin,Low (<10%)
FSM.4_1,0.000,,,,,,,,nearest_basin,Low (<10%)
GUM.1_1,0.000,,,,,,,,nearest_basin,Low (<10%)
GUM.2_1,0.000,,,,,,,,nearest_basin,Low (<10%)
GUM.3_1,0.000,,,,,,,,nearest_basin,Low (<10%)
GUM.4_1,0.000,,,,,,,,nearest_basin,Low (<10%)
GUM.5_1,0.000,,,,,,,,nearest_basin,Low (<10%)
GUM.6_1,0.000,,,,,,,,nearest_basin,Low (<10%)
GUM.7_1,0.000,,,,,,,,nearest_basin,Low (<10%)
GUM.8_1,0.000,,,,,,,,nearest_basin,Low (<10%)
GUM.9_1,0.000,,,,,,,,nearest_basin,Low (<10%)
GUM.10_1,0.000,,,,,,,,nearest_basin,Low (<10%)
GUM.11_1,0.000,,,,,,,,nearest_basin,Low (<10%)
GUM.12_1,0.000,,,,,,,,nearest_basin,Low (<10%)
GUM.13_1,0.000,,,,,,,,nearest_basin,Low (<10%)
GUM.14_1,0.000,,,,,,,,nearest_basin,Low (<10%)
GUM.15_1,0.000,,,,,,,,nearest_basin,Low (<10%)
GUM.16_1,0.000,,,,,,,,nearest_basin,Low (<10%)
GUM.17_1,0.000,,,,,,,,nearest_basin,Low (<10%)
GUM.18_1,0.000,,,,,,,,nearest_basin,Low (<10%)
GUM.19_1,0.000,,,,,,,,nearest_basin,Low (<10%)
IND.18_1,2.302,,,,,,,,nearest_basin,Medium - High (20-40%)
MNP.1_1,0.000,,,,,,,,nearest_basin,Low (<10%)
MNP.2_1,0.000,,,,,,,,nearest_basin,Low (<10%)
MNP.3_1,0.000,,,,,,,,nearest_basin,Low (<10%)
MNP.4_1,0.000,,,,,,,,nearest_basin,Low (<10%)
MUS.1_1,0.000,,,,,,,,nearest_basin,Low (<10%)
MUS.2_1,0.000,,,,,,,,nearest_basin,Low (<10%)
MUS.3_1,0.000,,,,,,,,nearest_basin,Low (<10%)
MUS.4_1,0.000,,,,,,,,nearest_basin,Low (<10%)
MUS.5_1,0.000,,,,,,,,nearest_basin,Low (<10%)
MUS.6_1,0.000,,,,,,,,nearest_basin,Low (<10%)
MUS.7_1,0.000,,,,,,,,nearest_basin,Low (<10%)
MUS.8_1,0.000,,,,,,,,nearest_basin,Low (<10%)
MUS.9_1,0.000,,,,,,,,nearest_basin,Low (<10%)
MUS.10_1,0.000,,,,,,,,nearest_basin,Low (<10%)
MUS.12_1,0.000,,,,,,,,nearest_basin,Low (<10%)
PLW.1_1,0.000,,,,,,,,nearest_basin,Low (<10%)
PLW.2_1,0.000,,,,,,,,nearest_basin,Low (<10%)
PLW.3_1,0.000,,,,,,,,nearest_basin,Low (<10%)
PLW.4_1,0.000,,,,,,,,nearest_basin,Low (<10%)
PLW.5_1,0.000,,,,,,,,nearest_basin,Low (<10%)
PLW.6_1,0.000,,,,,,,,nearest_basin,Low (<10%)
PLW.7_1,0.000,,,,,,,,nearest_basin,Low (<10%)
PLW.8_1,0.000,,,,,,,,nearest_basin,Low (<10%)
PLW.9_1,0.000,,,,,,,,nearest_basin,Low (<10%)
PLW.10_1,0.000,,,,,,,,nearest_basin,Low (<10%)
PLW.11_1,0.000,,,,,,,,nearest_basin,Low (<10%)
PLW.12_1,0.000,,,,,,,,nearest_basin,Low (<10%)
PLW.13_1,0.000,,,,,,,,nearest_basin,Low (<10%)
PLW.14_1,0.000,,,,,,,,nearest_basin,Low (<10%)
PLW.15_1,0.000,,,,,,,,nearest_basin,Low (<10%)
PLW.16_1,0.000,,,,,,,,nearest_basin,Low (<10%)
PYF.1_1,0.000,,,,,,,,nearest_basin,Low (<10%)
PYF.2_1,0.000,,,,,,,,nearest_basin,Low (<10%)
PYF.3_1,0.000,,,,,,,,nearest_basin,Low (<10%)
REU.1_1,0.000,,,,,,,,nearest_basin,Low (<10%)
REU.2_1,0.000,,,,,,,,nearest_basin,Low (<10%)
REU.3_1,0.000,,,,,,,,nearest_basin,Low (<10%)
REU.4_1,0.000,,,,,,,,nearest_basin,Low (<10%)
SHN.1_1,0.000,,,,,,,,nearest_basin,Low (<10%)
SHN.2_1,0.000,,,,,,,,nearest_basin,Low (<10%)
SHN.3_1,0.000,,,,,,,,nearest_basin,Low (<10%)
SYC.1_1,0.972,,,,,,,,nearest_basin,Low (<10%)
SYC.2_1,0.972,,,,,,,,nearest_basin,Low (<10%)
SYC.3_1,0.972,,,,,,,,nearest_basin,Low (<10%)
SYC.4_1,0.972,,,,,,,,nearest_basin,Low (<10%)
SYC.5_1,0.972,,,,,,,,nearest_basin,Low (<10%)
SYC.6_1,0.972,,,,,,,,nearest_basin,Low (<10%)
SYC.7_1,0.972,,,,,,,,nearest_basin,Low (<10%)
SYC.8_1,0.972,,,,,,,,nearest_basin,Low (<10%)
SYC.9_1,0.972,,,,,,,,nearest_basin,Low (<10%)
SYC.10_1,0.972,,,,,,,,nearest_basin,Low (<10%)
SYC.11_1,0.972,,,,,,,,nearest_basin,Low (<10%)
SYC.12_1,0.972,,,,,,,,nearest_basin,Low (<10%)
SYC.13_1,0.972,,,,,,,,nearest_basin,Low (<10%)
SYC.14_1,0.972,,,,,,,,nearest_basin,Low (<10%)
SYC.15_1,0.972,,,,,,,,nearest_basin,Low (<10%)
SYC.16_1,0.972,,,,,,,,nearest_basin,Low (<10%)
SYC.17_1,0.972,,,,,,,,nearest_basin,Low (<10%)
SYC.18_1,0.972,,,,,,,,nearest_basin,Low (<10%)
SYC.19_1,0.972,,,,,,,,nearest_basin,Low (<10%)
SYC.21_1,0.972,,,,,,,,nearest_basin,Low (<10%)
SYC.22_1,0.972,,,,,,,,nearest_basin,Low (<10%)
SYC.23_1,0.972,,,,,,,,nearest_basin,Low (<10%)
SYC.24_1,0.972,,,,,,,,nearest_basin,Low (<10%)
SYC.25_1,0.972,,,,,,,,nearest_basin,Low (<10%)
SYC.26_1,0.972,,,,,,,,nearest_basin,Low (<10%)
TKL.1_1,0.000,,,,,,,,nearest_basin,Low (<10%)
TKL.2_1,0.000,,,,,,,,nearest_basin,Low (<10%)
TKL.3_1,0.000,,,,,,,,nearest_basin,Low (<10%)
TON.1_1,0.000,,,,,,,,nearest_basin,Low (<10%)
TON.2_1,0.000,,,,,,,,nearest_basin,Low (<10%)
TON.3_1,0.000,,,,,,,,nearest_basin,Low (<10%)
TON.4_1,0.000,,,,,,,,nearest_basin,Low (<10%)
TON.5_1,0.000,,,,,,,,nearest_basin,Low (<10%)
TUV.1_1,0.000,,,,,,,,nearest_basin,Low (<10%)
TUV.2_1,0.000,,,,,,,,nearest_basin,Low (<10%)
TUV.3_1,0.000,,,,,,,,nearest_basin,Low (<10%)
TUV.4_1,0.000,,,,,,,,nearest_basin,Low (<10%)
TUV.5_1,0.000,,,,,,,,nearest_basin,Low (<10%)
TUV.6_1,0.000,,,,,,,,nearest_basin,Low (<10%)
TUV.7_1,0.000,,,,,,,,nearest_basin,Low (<10%)
TUV.8_1,0.000,,,,,,,,nearest_basin,Low (<10%)
TUV.9_1,0.000,,,,,,,,nearest_basin,Low (<10%)
UMI.1_1,0.000,,,,,,,,nearest_basin,Low (<10%)
UMI.2_1,0.000,,,,,,,,nearest_basin,Low (<10%)
UMI.3_1,0.000,,,,,,,,nearest_basin,Low (<10%)
UMI.4_1,0.000,,,,,,,,nearest_basin,Low (<10%)
UMI.5_1,0.000,,,,,,,,nearest_basin,Low (<10%)
UMI.6_1,0.000,,,,,,,,nearest_basin,Low (<10%)
UMI.7_1,1.604,,,,,,,,nearest_basin,Low - Medium (10-20%)
UMI.8_1,0.000,,,,,,,,nearest_basin,Low (<10%)
WLF.1_1,0.000,,,,,,,,nearest_basin,Low (<10%)
WLF.2_1,0.000,,,,,,,,nearest_basin,Low (<10%)
WLF.3_1,0.000,,,,,,,,nearest_basin,Low (<10%)
WSM.1_1,0.000,,,,,,,,nearest_basin,Low (<10%)
WSM.2_1,0.000,,,,,,,,nearest_basin,Low (<10%)
WSM.3_1,0.000,,,,,,,,nearest_basin,Low (<10%)
WSM.4_1,0.000,,,,,,,,nearest_basin,Low (<10%)
WSM.5_1,0.000,,,,,,,,nearest_basin,Low (<10%)
WSM.6_1,0.000,,,,,,,,nearest_basin,Low (<10%)
WSM.7_1,0.000,,,,,,,,nearest_basin,Low (<10%)
WSM.8_1,0.000,,,,,,,,nearest_basin,Low (<10%)
WSM.9_1,0.000,,,,,,,,nearest_basin,Low (<10%)
WSM.10_1,0.000,,,,,,,,nearest_basin,Low (<10%)
WSM.11_1,0.000,,,,,,,,nearest_basin,Low (<10%)
